영업기회 번호,영업기회 유형,그룹명,파트명,판매처코드,판매처명,판매처 주소,수요처코드,수요처명,영업기회명,매출일자,품목구분,모델명,주문유형,매출금액,매출수량
OPP-2025-0001,트렌드,한국총괄 B2B유통그룹,경로1파트,2000071,남해정보통신,부산광역시 해운대구 센텀중앙로 45,1000204,대성건설,대성건설 55인치 사이니지 납품건,2025-01-02,사이니지,SG-55C,유통주문,10560000,6
OPP-2025-0002,트렌드,한국총괄 B2B유통그룹,경로1파트,2000088,동백시스템,부산광역시 해운대구 좌동순환로 12,1000425,미래로병원,미래로병원 32인치 모니터 납품건,2025-01-03,모니터,MN-32U,유통주문,8280000,12
OPP-2025-0003,선행영업,한국총괄 B2B유통그룹,경로1파트,2000095,가야네트웍스,경상남도 김해시 분성로 221,1000538,세종교육재단,세종교육재단 노트북 PC 납품건,2025-01-03,PC,NB-i7P,유통주문,23100000,15
OPP-2025-0004,선행영업,한국총괄 B2B유통그룹,경로1파트,2000071,남해정보통신,부산광역시 해운대구 센텀중앙로 45,1000204,대성건설,대성건설 55인치 사이니지 납품건,2025-01-06,사이니지,SG-55C,유통주문,10560000,6
OPP-2025-0005,트렌드,한국총괄 B2B유통그룹,경로1파트,2000088,동백시스템,부산광역시 해운대구 좌동순환로 12,1000425,미래로병원,미래로병원 27인치 모니터 납품건,2025-01-07,모니터,MN-27Q,유통주문,8600000,20
OPP-2025-0006,트렌드,한국총괄 B2B유통그룹,경로1파트,2000095,가야네트웍스,경상남도 김해시 분성로 221,1000538,세종교육재단,세종교육재단 43인치 사이니지 납품건,2025-01-07,사이니지,SG-43C,유통주문,2300000,2
OPP-2025-0007,트렌드,한국총괄 B2B영업그룹,직판1파트,1000204,대성건설,—,1000204,대성건설,대성건설 18평형 에어컨 납품건,2025-01-08,에어컨,AC-18W,직판주문,4480000,4
OPP-2025-0008,트렌드,한국총괄 B2B유통그룹,경로1파트,2000088,동백시스템,부산광역시 해운대구 좌동순환로 12,1000425,미래로병원,미래로병원 데스크톱 PC 납품건,2025-01-08,PC,DP-i5N,유통주문,13350000,15
OPP-2025-0009,트렌드,한국총괄 B2B영업그룹,직판1파트,1000311,한울종합건설,—,1000311,한울종합건설,한울종합건설 32인치 모니터 납품건,2025-01-08,모니터,MN-32U,직판주문,3450000,5
OPP-2025-0010,트렌드,한국총괄 B2B영업그룹,직판1파트,1000101,해솔호텔,—,1000101,해솔호텔,해솔호텔 대용량 청소기 납품건,2025-01-09,청소기,VC-35H,직판주문,2760000,6
OPP-2025-0011,선행영업,한국총괄 B2B영업그룹,직판2파트,1000425,미래로병원,—,1000425,미래로병원,미래로병원 32인치 모니터 납품건,2025-01-10,모니터,MN-32U,직판주문,5520000,8
OPP-2025-0012,선행영업,한국총괄 B2B유통그룹,경로1파트,2000088,동백시스템,부산광역시 해운대구 좌동순환로 12,1000642,서진리테일,서진리테일 노트북 PC 납품건,2025-01-10,PC,NB-i7P,유통주문,7700000,5
OPP-2025-0013,트렌드,한국총괄 B2B영업그룹,직판1파트,1000101,해솔호텔,—,1000101,해솔호텔,해솔호텔 65인치 TV 납품건,2025-01-13,TV,HX-65T,직판주문,7920000,4
OPP-2025-0014,트렌드,한국총괄 B2B유통그룹,경로1파트,2000088,동백시스템,부산광역시 해운대구 좌동순환로 12,1000425,미래로병원,미래로병원 데스크톱 PC 납품건,2025-01-14,PC,DP-i5N,유통주문,17800000,20
OPP-2025-0015,트렌드,한국총괄 B2B영업그룹,직판2파트,1000538,세종교육재단,—,1000538,세종교육재단,세종교육재단 데스크톱 PC 납품건,2025-01-15,PC,DP-i5N,직판주문,8900000,10
OPP-2025-0016,트렌드,한국총괄 B2B유통그룹,경로1파트,2000095,가야네트웍스,경상남도 김해시 분성로 221,1000311,한울종합건설,한울종합건설 27인치 모니터 납품건,2025-01-15,모니터,MN-27Q,유통주문,3440000,8
OPP-2025-0017,트렌드,한국총괄 B2B유통그룹,경로1파트,2000088,동백시스템,부산광역시 해운대구 좌동순환로 12,1000642,서진리테일,서진리테일 43인치 사이니지 납품건,2025-01-16,사이니지,SG-43C,유통주문,6900000,6
OPP-2025-0018,선행영업,한국총괄 B2B영업그룹,직판1파트,1000204,대성건설,—,1000204,대성건설,대성건설 32인치 모니터 납품건,2025-01-17,모니터,MN-32U,직판주문,8280000,12
OPP-2025-0019,선행영업,한국총괄 B2B영업그룹,직판1파트,1000101,해솔호텔,—,1000101,해솔호텔,해솔호텔 55인치 사이니지 납품건,2025-01-17,사이니지,SG-55C,직판주문,1760000,1
OPP-2025-0020,트렌드,한국총괄 B2B영업그룹,직판1파트,1000101,해솔호텔,—,1000101,해솔호텔,해솔호텔 18평형 에어컨 납품건,2025-01-20,에어컨,AC-18W,직판주문,6720000,6
OPP-2025-0021,선행영업,한국총괄 B2B영업그룹,직판1파트,1000101,해솔호텔,—,1000101,해솔호텔,해솔호텔 65인치 TV 납품건,2025-01-20,TV,BX-65S,직판주문,14040000,6
OPP-2025-0022,트렌드,한국총괄 B2B영업그룹,직판1파트,1000204,대성건설,—,1000204,대성건설,대성건설 55인치 사이니지 납품건,2025-01-21,사이니지,SG-55C,직판주문,3520000,2
OPP-2025-0023,트렌드,한국총괄 B2B유통그룹,경로1파트,2000095,가야네트웍스,경상남도 김해시 분성로 221,1000311,한울종합건설,한울종합건설 18평형 에어컨 납품건,2025-01-21,에어컨,AC-18W,유통주문,2240000,2
OPP-2025-0024,선행영업,한국총괄 B2B유통그룹,경로1파트,2000071,남해정보통신,부산광역시 해운대구 센텀중앙로 45,1000101,해솔호텔,해솔호텔 43인치 사이니지 납품건,2025-01-21,사이니지,SG-43C,유통주문,1150000,1
OPP-2025-0025,트렌드,한국총괄 B2B영업그룹,직판1파트,1000204,대성건설,—,1000204,대성건설,대성건설 18평형 에어컨 납품건,2025-01-22,에어컨,AC-18W,직판주문,3360000,3
OPP-2025-0026,트렌드,한국총괄 B2B유통그룹,경로1파트,2000095,가야네트웍스,경상남도 김해시 분성로 221,1000538,세종교육재단,세종교육재단 노트북 PC 납품건,2025-01-22,PC,NB-i7P,유통주문,7700000,5
OPP-2025-0027,트렌드,한국총괄 B2B영업그룹,직판1파트,1000204,대성건설,—,1000204,대성건설,대성건설 55인치 사이니지 납품건,2025-01-23,사이니지,SG-55C,직판주문,7040000,4
OPP-2025-0028,트렌드,한국총괄 B2B영업그룹,직판1파트,1000204,대성건설,—,1000204,대성건설,대성건설 55인치 사이니지 납품건,2025-01-23,사이니지,SG-55C,직판주문,7040000,4
OPP-2025-0029,트렌드,한국총괄 B2B유통그룹,경로1파트,2000088,동백시스템,부산광역시 해운대구 좌동순환로 12,1000642,서진리테일,서진리테일 대용량 청소기 납품건,2025-01-23,청소기,VC-35H,유통주문,1840000,4
OPP-2025-0030,트렌드,한국총괄 B2B영업그룹,직판1파트,1000204,대성건설,—,1000204,대성건설,대성건설 55인치 사이니지 납품건,2025-01-24,사이니지,SG-55C,직판주문,7040000,4
OPP-2025-0031,트렌드,한국총괄 B2B영업그룹,직판1파트,1000311,한울종합건설,—,1000311,한울종합건설,한울종합건설 55인치 사이니지 납품건,2025-01-24,사이니지,SG-55C,직판주문,7040000,4
OPP-2025-0032,트렌드,한국총괄 B2B영업그룹,직판1파트,1000204,대성건설,—,1000204,대성건설,대성건설 55인치 사이니지 납품건,2025-01-27,사이니지,SG-55C,직판주문,1760000,1
OPP-2025-0033,트렌드,한국총괄 B2B영업그룹,직판2파트,1000425,미래로병원,—,1000425,미래로병원,미래로병원 32인치 모니터 납품건,2025-01-27,모니터,MN-32U,직판주문,3450000,5
OPP-2025-0034,트렌드,한국총괄 B2B영업그룹,직판2파트,1000425,미래로병원,—,1000425,미래로병원,미래로병원 27인치 모니터 납품건,2025-01-27,모니터,MN-27Q,직판주문,5160000,12
OPP-2025-0035,트렌드,한국총괄 B2B영업그룹,직판1파트,1000204,대성건설,—,1000204,대성건설,대성건설 43인치 사이니지 납품건,2025-01-28,사이니지,SG-43C,직판주문,6900000,6
OPP-2025-0036,트렌드,한국총괄 B2B유통그룹,경로1파트,2000088,동백시스템,부산광역시 해운대구 좌동순환로 12,1000425,미래로병원,미래로병원 27인치 모니터 납품건,2025-01-28,모니터,MN-27Q,유통주문,8600000,20
OPP-2025-0037,트렌드,한국총괄 B2B영업그룹,직판1파트,1000101,해솔호텔,—,1000101,해솔호텔,해솔호텔 43인치 사이니지 납품건,2025-01-28,사이니지,SG-43C,직판주문,3450000,3
OPP-2025-0038,트렌드,한국총괄 B2B유통그룹,경로1파트,2000071,남해정보통신,부산광역시 해운대구 센텀중앙로 45,1000101,해솔호텔,해솔호텔 65인치 TV 납품건,2025-01-28,TV,BX-65S,유통주문,37440000,16
OPP-2025-0039,트렌드,한국총괄 B2B영업그룹,직판1파트,1000204,대성건설,—,1000204,대성건설,대성건설 32인치 모니터 납품건,2025-01-29,모니터,MN-32U,직판주문,8280000,12
OPP-2025-0040,트렌드,한국총괄 B2B영업그룹,직판2파트,1000425,미래로병원,—,1000425,미래로병원,미래로병원 32인치 모니터 납품건,2025-01-29,모니터,MN-32U,직판주문,8280000,12
OPP-2025-0041,트렌드,한국총괄 B2B유통그룹,경로1파트,2000088,동백시스템,부산광역시 해운대구 좌동순환로 12,1000425,미래로병원,미래로병원 노트북 PC 납품건,2025-01-29,PC,NB-i7P,유통주문,12320000,8
OPP-2025-0042,트렌드,한국총괄 B2B유통그룹,경로1파트,2000071,남해정보통신,부산광역시 해운대구 센텀중앙로 45,1000101,해솔호텔,해솔호텔 18평형 에어컨 납품건,2025-01-29,에어컨,AC-18W,유통주문,6720000,6
OPP-2025-0043,트렌드,한국총괄 B2B영업그룹,직판2파트,1000538,세종교육재단,—,1000538,세종교육재단,세종교육재단 노트북 PC 납품건,2025-01-30,PC,NB-i7P,직판주문,12320000,8
OPP-2025-0044,트렌드,한국총괄 B2B유통그룹,경로1파트,2000095,가야네트웍스,경상남도 김해시 분성로 221,1000538,세종교육재단,세종교육재단 노트북 PC 납품건,2025-01-30,PC,NB-i7P,유통주문,7700000,5
OPP-2025-0045,선행영업,한국총괄 B2B유통그룹,경로1파트,2000095,가야네트웍스,경상남도 김해시 분성로 221,1000538,세종교육재단,세종교육재단 노트북 PC 납품건,2025-01-30,PC,NB-i7P,유통주문,23100000,15
OPP-2025-0046,트렌드,한국총괄 B2B영업그룹,직판1파트,1000101,해솔호텔,—,1000101,해솔호텔,해솔호텔 업소용 청소기 납품건,2025-01-30,청소기,VC-20B,직판주문,2800000,10
OPP-2025-0047,선행영업,한국총괄 B2B유통그룹,경로1파트,2000071,남해정보통신,부산광역시 해운대구 센텀중앙로 45,1000204,대성건설,대성건설 18평형 에어컨 납품건,2025-01-31,에어컨,AC-18W,유통주문,3360000,3
OPP-2025-0048,트렌드,한국총괄 B2B유통그룹,경로1파트,2000088,동백시스템,부산광역시 해운대구 좌동순환로 12,1000425,미래로병원,미래로병원 65인치 TV 납품건,2025-01-31,TV,BX-65S,유통주문,9360000,4
OPP-2025-0049,트렌드,한국총괄 B2B유통그룹,경로1파트,2000088,동백시스템,부산광역시 해운대구 좌동순환로 12,1000642,서진리테일,서진리테일 노트북 PC 납품건,2025-01-31,PC,NB-i7P,유통주문,12320000,8
OPP-2025-0050,트렌드,한국총괄 B2B유통그룹,경로1파트,2000095,가야네트웍스,경상남도 김해시 분성로 221,1000538,세종교육재단,세종교육재단 18평형 에어컨 납품건,2025-01-31,에어컨,AC-18W,유통주문,4480000,4
OPP-2025-0051,트렌드,한국총괄 B2B유통그룹,경로1파트,2000095,가야네트웍스,경상남도 김해시 분성로 221,1000311,한울종합건설,한울종합건설 55인치 TV 납품건,2025-01-31,TV,HX-55T,유통주문,14200000,10
OPP-2025-0052,트렌드,한국총괄 B2B영업그룹,직판1파트,1000311,한울종합건설,—,1000311,한울종합건설,한울종합건설 18평형 에어컨 납품건,2025-02-03,에어컨,AC-18W,직판주문,3360000,3
OPP-2025-0053,트렌드,한국총괄 B2B영업그룹,직판2파트,1000425,미래로병원,—,1000425,미래로병원,미래로병원 32인치 모니터 납품건,2025-02-04,모니터,MN-32U,직판주문,3450000,5
OPP-2025-0054,트렌드,한국총괄 B2B유통그룹,경로1파트,2000088,동백시스템,부산광역시 해운대구 좌동순환로 12,1000642,서진리테일,서진리테일 18평형 에어컨 납품건,2025-02-04,에어컨,AC-18W,유통주문,4480000,4
OPP-2025-0055,트렌드,한국총괄 B2B영업그룹,직판2파트,1000425,미래로병원,—,1000425,미래로병원,미래로병원 55인치 TV 납품건,2025-02-05,TV,HX-55T,직판주문,14200000,10
OPP-2025-0056,선행영업,한국총괄 B2B유통그룹,경로1파트,2000088,동백시스템,부산광역시 해운대구 좌동순환로 12,1000425,미래로병원,미래로병원 노트북 PC 납품건,2025-02-06,PC,NB-i7P,유통주문,7700000,5
OPP-2025-0057,트렌드,한국총괄 B2B영업그룹,직판2파트,1000538,세종교육재단,—,1000538,세종교육재단,세종교육재단 노트북 PC 납품건,2025-02-06,PC,NB-i7P,직판주문,23100000,15
OPP-2025-0058,트렌드,한국총괄 B2B영업그룹,직판1파트,1000204,대성건설,—,1000204,대성건설,대성건설 27인치 모니터 납품건,2025-02-07,모니터,MN-27Q,직판주문,5160000,12
OPP-2025-0059,선행영업,한국총괄 B2B영업그룹,직판1파트,1000204,대성건설,—,1000204,대성건설,대성건설 18평형 에어컨 납품건,2025-02-10,에어컨,AC-18W,직판주문,4480000,4
OPP-2025-0060,선행영업,한국총괄 B2B영업그룹,직판1파트,1000204,대성건설,—,1000204,대성건설,대성건설 65인치 TV 납품건,2025-02-10,TV,HX-65T,직판주문,11880000,6
OPP-2025-0061,트렌드,한국총괄 B2B유통그룹,경로1파트,2000095,가야네트웍스,경상남도 김해시 분성로 221,1000538,세종교육재단,세종교육재단 데스크톱 PC 납품건,2025-02-10,PC,DP-i5N,유통주문,13350000,15
OPP-2025-0062,트렌드,한국총괄 B2B영업그룹,직판1파트,1000204,대성건설,—,1000204,대성건설,대성건설 55인치 사이니지 납품건,2025-02-11,사이니지,SG-55C,직판주문,10560000,6
OPP-2025-0063,선행영업,한국총괄 B2B영업그룹,직판1파트,1000204,대성건설,—,1000204,대성건설,대성건설 55인치 사이니지 납품건,2025-02-11,사이니지,SG-55C,직판주문,1760000,1
OPP-2025-0064,트렌드,한국총괄 B2B영업그룹,직판2파트,1000425,미래로병원,—,1000425,미래로병원,미래로병원 노트북 PC 납품건,2025-02-12,PC,NB-i7P,직판주문,7700000,5
OPP-2025-0065,트렌드,한국총괄 B2B영업그룹,직판1파트,1000311,한울종합건설,—,1000311,한울종합건설,한울종합건설 18평형 에어컨 납품건,2025-02-12,에어컨,AC-18W,직판주문,3360000,3
OPP-2025-0066,트렌드,한국총괄 B2B유통그룹,경로1파트,2000071,남해정보통신,부산광역시 해운대구 센텀중앙로 45,1000204,대성건설,대성건설 18평형 에어컨 납품건,2025-02-13,에어컨,AC-18W,유통주문,4480000,4
OPP-2025-0067,선행영업,한국총괄 B2B유통그룹,경로1파트,2000088,동백시스템,부산광역시 해운대구 좌동순환로 12,1000425,미래로병원,미래로병원 65인치 TV 납품건,2025-02-13,TV,HX-65T,유통주문,7920000,4
OPP-2025-0068,트렌드,한국총괄 B2B영업그룹,직판1파트,1000311,한울종합건설,—,1000311,한울종합건설,한울종합건설 32인치 모니터 납품건,2025-02-13,모니터,MN-32U,직판주문,13800000,20
OPP-2025-0069,트렌드,한국총괄 B2B영업그룹,직판2파트,1000425,미래로병원,—,1000425,미래로병원,미래로병원 65인치 TV 납품건,2025-02-14,TV,HX-65T,직판주문,3960000,2
OPP-2025-0070,트렌드,한국총괄 B2B유통그룹,경로1파트,2000095,가야네트웍스,경상남도 김해시 분성로 221,1000538,세종교육재단,세종교육재단 18평형 에어컨 납품건,2025-02-14,에어컨,AC-18W,유통주문,3360000,3
OPP-2025-0071,트렌드,한국총괄 B2B유통그룹,경로1파트,2000088,동백시스템,부산광역시 해운대구 좌동순환로 12,1000642,서진리테일,서진리테일 노트북 PC 납품건,2025-02-17,PC,NB-i7P,유통주문,30800000,20
OPP-2025-0072,트렌드,한국총괄 B2B영업그룹,직판1파트,1000204,대성건설,—,1000204,대성건설,대성건설 18평형 에어컨 납품건,2025-02-18,에어컨,AC-18W,직판주문,4480000,4
OPP-2025-0073,트렌드,한국총괄 B2B유통그룹,경로1파트,2000088,동백시스템,부산광역시 해운대구 좌동순환로 12,1000425,미래로병원,미래로병원 데스크톱 PC 납품건,2025-02-19,PC,DP-i5N,유통주문,13350000,15
OPP-2025-0074,트렌드,한국총괄 B2B영업그룹,직판1파트,1000101,해솔호텔,—,1000101,해솔호텔,해솔호텔 65인치 TV 납품건,2025-02-19,TV,BX-65S,직판주문,9360000,4
OPP-2025-0075,트렌드,한국총괄 B2B영업그룹,직판1파트,1000101,해솔호텔,—,1000101,해솔호텔,해솔호텔 65인치 TV 납품건,2025-02-20,TV,HX-65T,직판주문,31680000,16
OPP-2025-0076,선행영업,한국총괄 B2B영업그룹,직판1파트,1000101,해솔호텔,—,1000101,해솔호텔,해솔호텔 43인치 사이니지 납품건,2025-02-20,사이니지,SG-43C,직판주문,6900000,6
OPP-2025-0077,선행영업,한국총괄 B2B영업그룹,직판2파트,1000425,미래로병원,—,1000425,미래로병원,미래로병원 데스크톱 PC 납품건,2025-02-21,PC,DP-i5N,직판주문,17800000,20
OPP-2025-0078,트렌드,한국총괄 B2B유통그룹,경로1파트,2000088,동백시스템,부산광역시 해운대구 좌동순환로 12,1000642,서진리테일,서진리테일 43인치 사이니지 납품건,2025-02-21,사이니지,SG-43C,유통주문,1150000,1
OPP-2025-0079,트렌드,한국총괄 B2B영업그룹,직판1파트,1000101,해솔호텔,—,1000101,해솔호텔,해솔호텔 65인치 TV 납품건,2025-02-24,TV,BX-65S,직판주문,14040000,6
OPP-2025-0080,트렌드,한국총괄 B2B영업그룹,직판1파트,1000101,해솔호텔,—,1000101,해솔호텔,해솔호텔 65인치 TV 납품건,2025-02-24,TV,HX-65T,직판주문,7920000,4
OPP-2025-0081,트렌드,한국총괄 B2B영업그룹,직판1파트,1000204,대성건설,—,1000204,대성건설,대성건설 43인치 사이니지 납품건,2025-02-25,사이니지,SG-43C,직판주문,1150000,1
OPP-2025-0082,선행영업,한국총괄 B2B영업그룹,직판1파트,1000101,해솔호텔,—,1000101,해솔호텔,해솔호텔 18평형 에어컨 납품건,2025-02-25,에어컨,AC-18W,직판주문,6720000,6
OPP-2025-0083,선행영업,한국총괄 B2B유통그룹,경로1파트,2000071,남해정보통신,부산광역시 해운대구 센텀중앙로 45,1000101,해솔호텔,해솔호텔 업소용 청소기 납품건,2025-02-25,청소기,VC-20B,유통주문,2800000,10
OPP-2025-0084,트렌드,한국총괄 B2B영업그룹,직판1파트,1000204,대성건설,—,1000204,대성건설,대성건설 32인치 모니터 납품건,2025-02-26,모니터,MN-32U,직판주문,3450000,5
OPP-2025-0085,트렌드,한국총괄 B2B영업그룹,직판1파트,1000204,대성건설,—,1000204,대성건설,대성건설 27인치 모니터 납품건,2025-02-26,모니터,MN-27Q,직판주문,5160000,12
OPP-2025-0086,트렌드,한국총괄 B2B유통그룹,경로1파트,2000095,가야네트웍스,경상남도 김해시 분성로 221,1000311,한울종합건설,한울종합건설 27인치 모니터 납품건,2025-02-26,모니터,MN-27Q,유통주문,3440000,8
OPP-2025-0087,트렌드,한국총괄 B2B영업그룹,직판1파트,1000204,대성건설,—,1000204,대성건설,대성건설 43인치 사이니지 납품건,2025-02-27,사이니지,SG-43C,직판주문,6900000,6
OPP-2025-0088,트렌드,한국총괄 B2B유통그룹,경로1파트,2000071,남해정보통신,부산광역시 해운대구 센텀중앙로 45,1000204,대성건설,대성건설 18평형 에어컨 납품건,2025-02-27,에어컨,AC-18W,유통주문,6720000,6
OPP-2025-0089,트렌드,한국총괄 B2B영업그룹,직판2파트,1000425,미래로병원,—,1000425,미래로병원,미래로병원 27인치 모니터 납품건,2025-02-27,모니터,MN-27Q,직판주문,8600000,20
OPP-2025-0090,트렌드,한국총괄 B2B유통그룹,경로1파트,2000088,동백시스템,부산광역시 해운대구 좌동순환로 12,1000642,서진리테일,서진리테일 55인치 사이니지 납품건,2025-02-27,사이니지,SG-55C,유통주문,10560000,6
OPP-2025-0091,트렌드,한국총괄 B2B영업그룹,직판1파트,1000204,대성건설,—,1000204,대성건설,대성건설 32인치 모니터 납품건,2025-02-28,모니터,MN-32U,직판주문,13800000,20
OPP-2025-0092,트렌드,한국총괄 B2B영업그룹,직판2파트,1000425,미래로병원,—,1000425,미래로병원,미래로병원 노트북 PC 납품건,2025-02-28,PC,NB-i7P,직판주문,15400000,10
OPP-2025-0093,선행영업,한국총괄 B2B유통그룹,경로1파트,2000088,동백시스템,부산광역시 해운대구 좌동순환로 12,1000425,미래로병원,미래로병원 43인치 사이니지 납품건,2025-02-28,사이니지,SG-43C,유통주문,4600000,4
OPP-2025-0094,선행영업,한국총괄 B2B영업그룹,직판1파트,1000101,해솔호텔,—,1000101,해솔호텔,해솔호텔 18평형 에어컨 납품건,2025-03-03,에어컨,AC-18W,직판주문,6720000,6
OPP-2025-0095,트렌드,한국총괄 B2B영업그룹,직판2파트,1000538,세종교육재단,—,1000538,세종교육재단,세종교육재단 데스크톱 PC 납품건,2025-03-04,PC,DP-i5N,직판주문,13350000,15
OPP-2025-0096,트렌드,한국총괄 B2B영업그룹,직판1파트,1000204,대성건설,—,1000204,대성건설,대성건설 32인치 모니터 납품건,2025-03-05,모니터,MN-32U,직판주문,5520000,8
OPP-2025-0097,선행영업,한국총괄 B2B유통그룹,경로1파트,2000088,동백시스템,부산광역시 해운대구 좌동순환로 12,1000642,서진리테일,서진리테일 업소용 청소기 납품건,2025-03-05,청소기,VC-20B,유통주문,2800000,10
OPP-2025-0098,트렌드,한국총괄 B2B영업그룹,직판1파트,1000101,해솔호텔,—,1000101,해솔호텔,해솔호텔 업소용 청소기 납품건,2025-03-05,청소기,VC-20B,직판주문,560000,2
OPP-2025-0099,선행영업,한국총괄 B2B유통그룹,경로1파트,2000071,남해정보통신,부산광역시 해운대구 센텀중앙로 45,1000204,대성건설,대성건설 43인치 사이니지 납품건,2025-03-06,사이니지,SG-43C,유통주문,3450000,3
OPP-2025-0100,선행영업,한국총괄 B2B영업그룹,직판1파트,1000204,대성건설,—,1000204,대성건설,대성건설 27인치 모니터 납품건,2025-03-07,모니터,MN-27Q,직판주문,2150000,5
OPP-2025-0101,트렌드,한국총괄 B2B영업그룹,직판2파트,1000425,미래로병원,—,1000425,미래로병원,미래로병원 55인치 TV 납품건,2025-03-07,TV,HX-55T,직판주문,2840000,2
OPP-2025-0102,트렌드,한국총괄 B2B영업그룹,직판2파트,1000538,세종교육재단,—,1000538,세종교육재단,세종교육재단 데스크톱 PC 납품건,2025-03-10,PC,DP-i5N,직판주문,8900000,10
OPP-2025-0103,트렌드,한국총괄 B2B유통그룹,경로1파트,2000071,남해정보통신,부산광역시 해운대구 센텀중앙로 45,1000101,해솔호텔,해솔호텔 대용량 청소기 납품건,2025-03-10,청소기,VC-35H,유통주문,920000,2
OPP-2025-0104,트렌드,한국총괄 B2B영업그룹,직판1파트,1000204,대성건설,—,1000204,대성건설,대성건설 27인치 모니터 납품건,2025-03-11,모니터,MN-27Q,직판주문,8600000,20
OPP-2025-0105,트렌드,한국총괄 B2B유통그룹,경로1파트,2000088,동백시스템,부산광역시 해운대구 좌동순환로 12,1000425,미래로병원,미래로병원 65인치 TV 납품건,2025-03-11,TV,HX-65T,유통주문,19800000,10
OPP-2025-0106,트렌드,한국총괄 B2B유통그룹,경로1파트,2000071,남해정보통신,부산광역시 해운대구 센텀중앙로 45,1000204,대성건설,대성건설 18평형 에어컨 납품건,2025-03-12,에어컨,AC-18W,유통주문,4480000,4
OPP-2025-0107,선행영업,한국총괄 B2B유통그룹,경로1파트,2000088,동백시스템,부산광역시 해운대구 좌동순환로 12,1000425,미래로병원,미래로병원 55인치 TV 납품건,2025-03-12,TV,HX-55T,유통주문,22720000,16
OPP-2025-0108,트렌드,한국총괄 B2B유통그룹,경로1파트,2000071,남해정보통신,부산광역시 해운대구 센텀중앙로 45,1000204,대성건설,대성건설 18평형 에어컨 납품건,2025-03-13,에어컨,AC-18W,유통주문,2240000,2
OPP-2025-0109,선행영업,한국총괄 B2B유통그룹,경로1파트,2000088,동백시스템,부산광역시 해운대구 좌동순환로 12,1000642,서진리테일,서진리테일 55인치 사이니지 납품건,2025-03-13,사이니지,SG-55C,유통주문,10560000,6
OPP-2025-0110,트렌드,한국총괄 B2B유통그룹,경로1파트,2000088,동백시스템,부산광역시 해운대구 좌동순환로 12,1000642,서진리테일,서진리테일 업소용 청소기 납품건,2025-03-13,청소기,VC-20B,유통주문,1120000,4
OPP-2025-0111,선행영업,한국총괄 B2B영업그룹,직판1파트,1000204,대성건설,—,1000204,대성건설,대성건설 18평형 에어컨 납품건,2025-03-14,에어컨,AC-18W,직판주문,4480000,4
OPP-2025-0112,트렌드,한국총괄 B2B유통그룹,경로1파트,2000095,가야네트웍스,경상남도 김해시 분성로 221,1000311,한울종합건설,한울종합건설 18평형 에어컨 납품건,2025-03-14,에어컨,AC-18W,유통주문,4480000,4
OPP-2025-0113,선행영업,한국총괄 B2B유통그룹,경로1파트,2000071,남해정보통신,부산광역시 해운대구 센텀중앙로 45,1000204,대성건설,대성건설 32인치 모니터 납품건,2025-03-17,모니터,MN-32U,유통주문,8280000,12
OPP-2025-0114,트렌드,한국총괄 B2B유통그룹,경로1파트,2000095,가야네트웍스,경상남도 김해시 분성로 221,1000538,세종교육재단,세종교육재단 데스크톱 PC 납품건,2025-03-17,PC,DP-i5N,유통주문,4450000,5
OPP-2025-0115,선행영업,한국총괄 B2B영업그룹,직판1파트,1000311,한울종합건설,—,1000311,한울종합건설,한울종합건설 43인치 사이니지 납품건,2025-03-17,사이니지,SG-43C,직판주문,3450000,3
OPP-2025-0116,트렌드,한국총괄 B2B유통그룹,경로1파트,2000095,가야네트웍스,경상남도 김해시 분성로 221,1000311,한울종합건설,한울종합건설 55인치 사이니지 납품건,2025-03-18,사이니지,SG-55C,유통주문,7040000,4
OPP-2025-0117,선행영업,한국총괄 B2B영업그룹,직판1파트,1000311,한울종합건설,—,1000311,한울종합건설,한울종합건설 32인치 모니터 납품건,2025-03-18,모니터,MN-32U,직판주문,8280000,12
OPP-2025-0118,트렌드,한국총괄 B2B영업그룹,직판1파트,1000204,대성건설,—,1000204,대성건설,대성건설 18평형 에어컨 납품건,2025-03-19,에어컨,AC-18W,직판주문,2240000,2
OPP-2025-0119,트렌드,한국총괄 B2B유통그룹,경로1파트,2000071,남해정보통신,부산광역시 해운대구 센텀중앙로 45,1000204,대성건설,대성건설 32인치 모니터 납품건,2025-03-19,모니터,MN-32U,유통주문,8280000,12
OPP-2025-0120,트렌드,한국총괄 B2B영업그룹,직판1파트,1000204,대성건설,—,1000204,대성건설,대성건설 43인치 사이니지 납품건,2025-03-20,사이니지,SG-43C,직판주문,1150000,1
OPP-2025-0121,트렌드,한국총괄 B2B영업그룹,직판1파트,1000204,대성건설,—,1000204,대성건설,대성건설 18평형 에어컨 납품건,2025-03-20,에어컨,AC-18W,직판주문,3360000,3
OPP-2025-0122,트렌드,한국총괄 B2B영업그룹,직판1파트,1000311,한울종합건설,—,1000311,한울종합건설,한울종합건설 32인치 모니터 납품건,2025-03-21,모니터,MN-32U,직판주문,13800000,20
OPP-2025-0123,트렌드,한국총괄 B2B유통그룹,경로1파트,2000095,가야네트웍스,경상남도 김해시 분성로 221,1000311,한울종합건설,한울종합건설 32인치 모니터 납품건,2025-03-21,모니터,MN-32U,유통주문,3450000,5
OPP-2025-0124,트렌드,한국총괄 B2B유통그룹,경로1파트,2000088,동백시스템,부산광역시 해운대구 좌동순환로 12,1000642,서진리테일,서진리테일 데스크톱 PC 납품건,2025-03-24,PC,DP-i5N,유통주문,4450000,5
OPP-2025-0125,트렌드,한국총괄 B2B유통그룹,경로1파트,2000071,남해정보통신,부산광역시 해운대구 센텀중앙로 45,1000101,해솔호텔,해솔호텔 55인치 TV 납품건,2025-03-24,TV,HX-55T,유통주문,14200000,10
OPP-2025-0126,트렌드,한국총괄 B2B영업그룹,직판1파트,1000101,해솔호텔,—,1000101,해솔호텔,해솔호텔 18평형 에어컨 납품건,2025-03-24,에어컨,AC-18W,직판주문,3360000,3
OPP-2025-0127,트렌드,한국총괄 B2B유통그룹,경로1파트,2000095,가야네트웍스,경상남도 김해시 분성로 221,1000311,한울종합건설,한울종합건설 18평형 에어컨 납품건,2025-03-25,에어컨,AC-18W,유통주문,3360000,3
OPP-2025-0128,선행영업,한국총괄 B2B영업그룹,직판1파트,1000311,한울종합건설,—,1000311,한울종합건설,한울종합건설 27인치 모니터 납품건,2025-03-25,모니터,MN-27Q,직판주문,2150000,5
OPP-2025-0129,선행영업,한국총괄 B2B영업그룹,직판1파트,1000204,대성건설,—,1000204,대성건설,대성건설 32인치 모니터 납품건,2025-03-26,모니터,MN-32U,직판주문,5520000,8
OPP-2025-0130,트렌드,한국총괄 B2B영업그룹,직판1파트,1000204,대성건설,—,1000204,대성건설,대성건설 32인치 모니터 납품건,2025-03-26,모니터,MN-32U,직판주문,13800000,20
OPP-2025-0131,선행영업,한국총괄 B2B영업그룹,직판2파트,1000425,미래로병원,—,1000425,미래로병원,미래로병원 데스크톱 PC 납품건,2025-03-26,PC,DP-i5N,직판주문,7120000,8
OPP-2025-0132,선행영업,한국총괄 B2B유통그룹,경로1파트,2000095,가야네트웍스,경상남도 김해시 분성로 221,1000538,세종교육재단,세종교육재단 55인치 사이니지 납품건,2025-03-27,사이니지,SG-55C,유통주문,7040000,4
OPP-2025-0133,선행영업,한국총괄 B2B유통그룹,경로1파트,2000095,가야네트웍스,경상남도 김해시 분성로 221,1000538,세종교육재단,세종교육재단 43인치 사이니지 납품건,2025-03-27,사이니지,SG-43C,유통주문,1150000,1
OPP-2025-0134,트렌드,한국총괄 B2B영업그룹,직판2파트,1000425,미래로병원,—,1000425,미래로병원,미래로병원 노트북 PC 납품건,2025-03-28,PC,NB-i7P,직판주문,12320000,8
OPP-2025-0135,트렌드,한국총괄 B2B유통그룹,경로1파트,2000088,동백시스템,부산광역시 해운대구 좌동순환로 12,1000425,미래로병원,미래로병원 32인치 모니터 납품건,2025-03-28,모니터,MN-32U,유통주문,8280000,12
OPP-2025-0136,트렌드,한국총괄 B2B영업그룹,직판2파트,1000425,미래로병원,—,1000425,미래로병원,미래로병원 데스크톱 PC 납품건,2025-03-28,PC,DP-i5N,직판주문,13350000,15
OPP-2025-0137,트렌드,한국총괄 B2B유통그룹,경로1파트,2000095,가야네트웍스,경상남도 김해시 분성로 221,1000538,세종교육재단,세종교육재단 노트북 PC 납품건,2025-03-28,PC,NB-i7P,유통주문,23100000,15
OPP-2025-0138,트렌드,한국총괄 B2B유통그룹,경로1파트,2000095,가야네트웍스,경상남도 김해시 분성로 221,1000538,세종교육재단,세종교육재단 32인치 모니터 납품건,2025-03-28,모니터,MN-32U,유통주문,3450000,5
OPP-2025-0139,선행영업,한국총괄 B2B유통그룹,경로1파트,2000095,가야네트웍스,경상남도 김해시 분성로 221,1000538,세종교육재단,세종교육재단 43인치 사이니지 납품건,2025-03-28,사이니지,SG-43C,유통주문,4600000,4
OPP-2025-0140,트렌드,한국총괄 B2B영업그룹,직판1파트,1000204,대성건설,—,1000204,대성건설,대성건설 18평형 에어컨 납품건,2025-03-31,에어컨,AC-18W,직판주문,3360000,3
OPP-2025-0141,트렌드,한국총괄 B2B유통그룹,경로1파트,2000088,동백시스템,부산광역시 해운대구 좌동순환로 12,1000642,서진리테일,서진리테일 43인치 사이니지 납품건,2025-03-31,사이니지,SG-43C,유통주문,3450000,3
OPP-2025-0142,선행영업,한국총괄 B2B유통그룹,경로1파트,2000095,가야네트웍스,경상남도 김해시 분성로 221,1000538,세종교육재단,세종교육재단 데스크톱 PC 납품건,2025-03-31,PC,DP-i5N,유통주문,17800000,20
OPP-2025-0143,선행영업,한국총괄 B2B유통그룹,경로1파트,2000071,남해정보통신,부산광역시 해운대구 센텀중앙로 45,1000101,해솔호텔,해솔호텔 18평형 에어컨 납품건,2025-03-31,에어컨,AC-18W,유통주문,2240000,2
OPP-2025-0144,트렌드,한국총괄 B2B영업그룹,직판1파트,1000204,대성건설,—,1000204,대성건설,대성건설 18평형 에어컨 납품건,2025-04-01,에어컨,AC-18W,직판주문,4480000,4
OPP-2025-0145,선행영업,한국총괄 B2B유통그룹,경로1파트,2000088,동백시스템,부산광역시 해운대구 좌동순환로 12,1000425,미래로병원,미래로병원 27인치 모니터 납품건,2025-04-01,모니터,MN-27Q,유통주문,2150000,5
OPP-2025-0146,선행영업,한국총괄 B2B영업그룹,직판2파트,1000538,세종교육재단,—,1000538,세종교육재단,세종교육재단 노트북 PC 납품건,2025-04-01,PC,NB-i7P,직판주문,15400000,10
OPP-2025-0147,트렌드,한국총괄 B2B유통그룹,경로1파트,2000095,가야네트웍스,경상남도 김해시 분성로 221,1000538,세종교육재단,세종교육재단 노트북 PC 납품건,2025-04-02,PC,NB-i7P,유통주문,15400000,10
OPP-2025-0148,트렌드,한국총괄 B2B유통그룹,경로1파트,2000095,가야네트웍스,경상남도 김해시 분성로 221,1000538,세종교육재단,세종교육재단 27인치 모니터 납품건,2025-04-03,모니터,MN-27Q,유통주문,5160000,12
OPP-2025-0149,트렌드,한국총괄 B2B영업그룹,직판2파트,1000642,서진리테일,—,1000642,서진리테일,서진리테일 55인치 사이니지 납품건,2025-04-04,사이니지,SG-55C,직판주문,10560000,6
OPP-2025-0150,트렌드,한국총괄 B2B유통그룹,경로1파트,2000095,가야네트웍스,경상남도 김해시 분성로 221,1000538,세종교육재단,세종교육재단 43인치 사이니지 납품건,2025-04-04,사이니지,SG-43C,유통주문,2300000,2
OPP-2025-0151,선행영업,한국총괄 B2B유통그룹,경로1파트,2000088,동백시스템,부산광역시 해운대구 좌동순환로 12,1000642,서진리테일,서진리테일 대용량 청소기 납품건,2025-04-07,청소기,VC-35H,유통주문,4600000,10
OPP-2025-0152,트렌드,한국총괄 B2B영업그룹,직판1파트,1000311,한울종합건설,—,1000311,한울종합건설,한울종합건설 65인치 TV 납품건,2025-04-07,TV,BX-65S,직판주문,23400000,10
OPP-2025-0153,트렌드,한국총괄 B2B영업그룹,직판2파트,1000425,미래로병원,—,1000425,미래로병원,미래로병원 27인치 모니터 납품건,2025-04-08,모니터,MN-27Q,직판주문,5160000,12
OPP-2025-0154,트렌드,한국총괄 B2B유통그룹,경로1파트,2000095,가야네트웍스,경상남도 김해시 분성로 221,1000538,세종교육재단,세종교육재단 데스크톱 PC 납품건,2025-04-08,PC,DP-i5N,유통주문,17800000,20
OPP-2025-0155,트렌드,한국총괄 B2B유통그룹,경로1파트,2000071,남해정보통신,부산광역시 해운대구 센텀중앙로 45,1000311,한울종합건설,한울종합건설 32인치 모니터 납품건,2025-04-09,모니터,MN-32U,유통주문,13800000,20
OPP-2025-0156,트렌드,한국총괄 B2B영업그룹,직판1파트,1000101,해솔호텔,—,1000101,해솔호텔,해솔호텔 55인치 TV 납품건,2025-04-09,TV,HX-55T,직판주문,8520000,6
OPP-2025-0157,선행영업,한국총괄 B2B영업그룹,직판1파트,1000101,해솔호텔,—,1000101,해솔호텔,해솔호텔 대용량 청소기 납품건,2025-04-09,청소기,VC-35H,직판주문,920000,2
OPP-2025-0158,트렌드,한국총괄 B2B영업그룹,직판2파트,1000425,미래로병원,—,1000425,미래로병원,미래로병원 55인치 TV 납품건,2025-04-10,TV,HX-55T,직판주문,14200000,10
OPP-2025-0159,선행영업,한국총괄 B2B영업그룹,직판1파트,1000311,한울종합건설,—,1000311,한울종합건설,한울종합건설 18평형 에어컨 납품건,2025-04-10,에어컨,AC-18W,직판주문,4480000,4
OPP-2025-0160,트렌드,한국총괄 B2B영업그룹,직판1파트,1000204,대성건설,—,1000204,대성건설,대성건설 55인치 사이니지 납품건,2025-04-11,사이니지,SG-55C,직판주문,1760000,1
OPP-2025-0161,트렌드,한국총괄 B2B유통그룹,경로1파트,2000071,남해정보통신,부산광역시 해운대구 센텀중앙로 45,1000204,대성건설,대성건설 65인치 TV 납품건,2025-04-11,TV,BX-65S,유통주문,9360000,4
OPP-2025-0162,선행영업,한국총괄 B2B유통그룹,경로1파트,2000071,남해정보통신,부산광역시 해운대구 센텀중앙로 45,1000311,한울종합건설,한울종합건설 55인치 사이니지 납품건,2025-04-14,사이니지,SG-55C,유통주문,3520000,2
OPP-2025-0163,트렌드,한국총괄 B2B영업그룹,직판1파트,1000204,대성건설,—,1000204,대성건설,대성건설 65인치 TV 납품건,2025-04-15,TV,HX-65T,직판주문,11880000,6
OPP-2025-0164,선행영업,한국총괄 B2B유통그룹,경로1파트,2000071,남해정보통신,부산광역시 해운대구 센텀중앙로 45,1000204,대성건설,대성건설 18평형 에어컨 납품건,2025-04-15,에어컨,AC-18W,유통주문,6720000,6
OPP-2025-0165,트렌드,한국총괄 B2B영업그룹,직판1파트,1000311,한울종합건설,—,1000311,한울종합건설,한울종합건설 55인치 사이니지 납품건,2025-04-16,사이니지,SG-55C,직판주문,3520000,2
OPP-2025-0166,선행영업,한국총괄 B2B영업그룹,직판1파트,1000311,한울종합건설,—,1000311,한울종합건설,한울종합건설 18평형 에어컨 납품건,2025-04-16,에어컨,AC-18W,직판주문,3360000,3
OPP-2025-0167,선행영업,한국총괄 B2B유통그룹,경로1파트,2000088,동백시스템,부산광역시 해운대구 좌동순환로 12,1000425,미래로병원,미래로병원 32인치 모니터 납품건,2025-04-17,모니터,MN-32U,유통주문,5520000,8
OPP-2025-0168,선행영업,한국총괄 B2B유통그룹,경로1파트,2000071,남해정보통신,부산광역시 해운대구 센텀중앙로 45,1000311,한울종합건설,한울종합건설 18평형 에어컨 납품건,2025-04-17,에어컨,AC-18W,유통주문,2240000,2
OPP-2025-0169,선행영업,한국총괄 B2B유통그룹,경로1파트,2000095,가야네트웍스,경상남도 김해시 분성로 221,1000538,세종교육재단,세종교육재단 데스크톱 PC 납품건,2025-04-18,PC,DP-i5N,유통주문,4450000,5
OPP-2025-0170,트렌드,한국총괄 B2B영업그룹,직판1파트,1000101,해솔호텔,—,1000101,해솔호텔,해솔호텔 55인치 TV 납품건,2025-04-18,TV,HX-55T,직판주문,14200000,10
OPP-2025-0171,선행영업,한국총괄 B2B유통그룹,경로1파트,2000088,동백시스템,부산광역시 해운대구 좌동순환로 12,1000425,미래로병원,미래로병원 55인치 TV 납품건,2025-04-21,TV,HX-55T,유통주문,22720000,16
OPP-2025-0172,선행영업,한국총괄 B2B유통그룹,경로1파트,2000088,동백시스템,부산광역시 해운대구 좌동순환로 12,1000642,서진리테일,서진리테일 대용량 청소기 납품건,2025-04-21,청소기,VC-35H,유통주문,920000,2
OPP-2025-0173,트렌드,한국총괄 B2B유통그룹,경로1파트,2000095,가야네트웍스,경상남도 김해시 분성로 221,1000538,세종교육재단,세종교육재단 18평형 에어컨 납품건,2025-04-22,에어컨,AC-18W,유통주문,4480000,4
OPP-2025-0174,트렌드,한국총괄 B2B유통그룹,경로1파트,2000071,남해정보통신,부산광역시 해운대구 센텀중앙로 45,1000311,한울종합건설,한울종합건설 18평형 에어컨 납품건,2025-04-22,에어컨,AC-18W,유통주문,3360000,3
OPP-2025-0175,트렌드,한국총괄 B2B영업그룹,직판1파트,1000204,대성건설,—,1000204,대성건설,대성건설 65인치 TV 납품건,2025-04-23,TV,HX-65T,직판주문,31680000,16
OPP-2025-0176,트렌드,한국총괄 B2B영업그룹,직판2파트,1000425,미래로병원,—,1000425,미래로병원,미래로병원 32인치 모니터 납품건,2025-04-23,모니터,MN-32U,직판주문,8280000,12
OPP-2025-0177,트렌드,한국총괄 B2B영업그룹,직판1파트,1000204,대성건설,—,1000204,대성건설,대성건설 55인치 사이니지 납품건,2025-04-24,사이니지,SG-55C,직판주문,10560000,6
OPP-2025-0178,트렌드,한국총괄 B2B영업그룹,직판1파트,1000204,대성건설,—,1000204,대성건설,대성건설 18평형 에어컨 납품건,2025-04-25,에어컨,AC-18W,직판주문,6720000,6
OPP-2025-0179,선행영업,한국총괄 B2B유통그룹,경로1파트,2000088,동백시스템,부산광역시 해운대구 좌동순환로 12,1000425,미래로병원,미래로병원 데스크톱 PC 납품건,2025-04-25,PC,DP-i5N,유통주문,4450000,5
OPP-2025-0180,트렌드,한국총괄 B2B유통그룹,경로1파트,2000095,가야네트웍스,경상남도 김해시 분성로 221,1000538,세종교육재단,세종교육재단 노트북 PC 납품건,2025-04-25,PC,NB-i7P,유통주문,12320000,8
OPP-2025-0181,선행영업,한국총괄 B2B영업그룹,직판1파트,1000204,대성건설,—,1000204,대성건설,대성건설 18평형 에어컨 납품건,2025-04-28,에어컨,AC-18W,직판주문,3360000,3
OPP-2025-0182,트렌드,한국총괄 B2B유통그룹,경로1파트,2000088,동백시스템,부산광역시 해운대구 좌동순환로 12,1000425,미래로병원,미래로병원 32인치 모니터 납품건,2025-04-28,모니터,MN-32U,유통주문,8280000,12
OPP-2025-0183,선행영업,한국총괄 B2B유통그룹,경로1파트,2000071,남해정보통신,부산광역시 해운대구 센텀중앙로 45,1000204,대성건설,대성건설 18평형 에어컨 납품건,2025-04-29,에어컨,AC-18W,유통주문,4480000,4
OPP-2025-0184,트렌드,한국총괄 B2B유통그룹,경로1파트,2000071,남해정보통신,부산광역시 해운대구 센텀중앙로 45,1000311,한울종합건설,한울종합건설 65인치 TV 납품건,2025-04-29,TV,HX-65T,유통주문,3960000,2
OPP-2025-0185,선행영업,한국총괄 B2B유통그룹,경로1파트,2000095,가야네트웍스,경상남도 김해시 분성로 221,1000311,한울종합건설,한울종합건설 18평형 에어컨 납품건,2025-04-29,에어컨,AC-18W,유통주문,6720000,6
OPP-2025-0186,선행영업,한국총괄 B2B유통그룹,경로1파트,2000095,가야네트웍스,경상남도 김해시 분성로 221,1000311,한울종합건설,한울종합건설 55인치 TV 납품건,2025-04-29,TV,HX-55T,유통주문,14200000,10
OPP-2025-0187,트렌드,한국총괄 B2B영업그룹,직판2파트,1000425,미래로병원,—,1000425,미래로병원,미래로병원 데스크톱 PC 납품건,2025-04-30,PC,DP-i5N,직판주문,7120000,8
OPP-2025-0188,선행영업,한국총괄 B2B영업그룹,직판1파트,1000311,한울종합건설,—,1000311,한울종합건설,한울종합건설 32인치 모니터 납품건,2025-04-30,모니터,MN-32U,직판주문,3450000,5
OPP-2025-0189,트렌드,한국총괄 B2B유통그룹,경로1파트,2000095,가야네트웍스,경상남도 김해시 분성로 221,1000538,세종교육재단,세종교육재단 55인치 사이니지 납품건,2025-05-01,사이니지,SG-55C,유통주문,5280000,3
OPP-2025-0190,트렌드,한국총괄 B2B유통그룹,경로1파트,2000071,남해정보통신,부산광역시 해운대구 센텀중앙로 45,1000101,해솔호텔,해솔호텔 65인치 TV 납품건,2025-05-01,TV,BX-65S,유통주문,14040000,6
OPP-2025-0191,선행영업,한국총괄 B2B유통그룹,경로1파트,2000088,동백시스템,부산광역시 해운대구 좌동순환로 12,1000642,서진리테일,서진리테일 55인치 사이니지 납품건,2025-05-02,사이니지,SG-55C,유통주문,5280000,3
OPP-2025-0192,트렌드,한국총괄 B2B영업그룹,직판1파트,1000311,한울종합건설,—,1000311,한울종합건설,한울종합건설 27인치 모니터 납품건,2025-05-02,모니터,MN-27Q,직판주문,2150000,5
OPP-2025-0193,선행영업,한국총괄 B2B유통그룹,경로1파트,2000088,동백시스템,부산광역시 해운대구 좌동순환로 12,1000642,서진리테일,서진리테일 43인치 사이니지 납품건,2025-05-05,사이니지,SG-43C,유통주문,4600000,4
OPP-2025-0194,트렌드,한국총괄 B2B유통그룹,경로1파트,2000071,남해정보통신,부산광역시 해운대구 센텀중앙로 45,1000311,한울종합건설,한울종합건설 55인치 사이니지 납품건,2025-05-05,사이니지,SG-55C,유통주문,7040000,4
OPP-2025-0195,선행영업,한국총괄 B2B유통그룹,경로1파트,2000071,남해정보통신,부산광역시 해운대구 센텀중앙로 45,1000204,대성건설,대성건설 18평형 에어컨 납품건,2025-05-06,에어컨,AC-18W,유통주문,2240000,2
OPP-2025-0196,선행영업,한국총괄 B2B영업그룹,직판1파트,1000311,한울종합건설,—,1000311,한울종합건설,한울종합건설 32인치 모니터 납품건,2025-05-06,모니터,MN-32U,직판주문,8280000,12
OPP-2025-0197,선행영업,한국총괄 B2B영업그룹,직판1파트,1000204,대성건설,—,1000204,대성건설,대성건설 18평형 에어컨 납품건,2025-05-07,에어컨,AC-18W,직판주문,2240000,2
OPP-2025-0198,선행영업,한국총괄 B2B유통그룹,경로1파트,2000071,남해정보통신,부산광역시 해운대구 센텀중앙로 45,1000311,한울종합건설,한울종합건설 27인치 모니터 납품건,2025-05-07,모니터,MN-27Q,유통주문,3440000,8
OPP-2025-0199,트렌드,한국총괄 B2B유통그룹,경로1파트,2000088,동백시스템,부산광역시 해운대구 좌동순환로 12,1000425,미래로병원,미래로병원 65인치 TV 납품건,2025-05-08,TV,BX-65S,유통주문,4680000,2
OPP-2025-0200,선행영업,한국총괄 B2B영업그룹,직판1파트,1000204,대성건설,—,1000204,대성건설,대성건설 55인치 사이니지 납품건,2025-05-09,사이니지,SG-55C,직판주문,7040000,4
OPP-2025-0201,선행영업,한국총괄 B2B유통그룹,경로1파트,2000088,동백시스템,부산광역시 해운대구 좌동순환로 12,1000642,서진리테일,서진리테일 대용량 청소기 납품건,2025-05-09,청소기,VC-35H,유통주문,1840000,4
OPP-2025-0202,트렌드,한국총괄 B2B유통그룹,경로1파트,2000095,가야네트웍스,경상남도 김해시 분성로 221,1000538,세종교육재단,세종교육재단 데스크톱 PC 납품건,2025-05-09,PC,DP-i5N,유통주문,8900000,10
OPP-2025-0203,트렌드,한국총괄 B2B영업그룹,직판1파트,1000204,대성건설,—,1000204,대성건설,대성건설 27인치 모니터 납품건,2025-05-12,모니터,MN-27Q,직판주문,8600000,20
OPP-2025-0204,트렌드,한국총괄 B2B유통그룹,경로1파트,2000088,동백시스템,부산광역시 해운대구 좌동순환로 12,1000425,미래로병원,미래로병원 노트북 PC 납품건,2025-05-12,PC,NB-i7P,유통주문,30800000,20
OPP-2025-0205,트렌드,한국총괄 B2B유통그룹,경로1파트,2000088,동백시스템,부산광역시 해운대구 좌동순환로 12,1000425,미래로병원,미래로병원 55인치 TV 납품건,2025-05-13,TV,HX-55T,유통주문,2840000,2
OPP-2025-0206,트렌드,한국총괄 B2B유통그룹,경로1파트,2000088,동백시스템,부산광역시 해운대구 좌동순환로 12,1000642,서진리테일,서진리테일 대용량 청소기 납품건,2025-05-13,청소기,VC-35H,유통주문,2760000,6
OPP-2025-0207,트렌드,한국총괄 B2B영업그룹,직판2파트,1000425,미래로병원,—,1000425,미래로병원,미래로병원 55인치 사이니지 납품건,2025-05-14,사이니지,SG-55C,직판주문,1760000,1
OPP-2025-0208,트렌드,한국총괄 B2B유통그룹,경로1파트,2000088,동백시스템,부산광역시 해운대구 좌동순환로 12,1000642,서진리테일,서진리테일 데스크톱 PC 납품건,2025-05-14,PC,DP-i5N,유통주문,4450000,5
OPP-2025-0209,트렌드,한국총괄 B2B유통그룹,경로1파트,2000088,동백시스템,부산광역시 해운대구 좌동순환로 12,1000642,서진리테일,서진리테일 55인치 사이니지 납품건,2025-05-14,사이니지,SG-55C,유통주문,10560000,6
OPP-2025-0210,트렌드,한국총괄 B2B영업그룹,직판1파트,1000204,대성건설,—,1000204,대성건설,대성건설 55인치 사이니지 납품건,2025-05-15,사이니지,SG-55C,직판주문,7040000,4
OPP-2025-0211,트렌드,한국총괄 B2B영업그룹,직판1파트,1000204,대성건설,—,1000204,대성건설,대성건설 65인치 TV 납품건,2025-05-15,TV,BX-65S,직판주문,37440000,16
OPP-2025-0212,트렌드,한국총괄 B2B유통그룹,경로1파트,2000088,동백시스템,부산광역시 해운대구 좌동순환로 12,1000425,미래로병원,미래로병원 65인치 TV 납품건,2025-05-15,TV,BX-65S,유통주문,14040000,6
OPP-2025-0213,트렌드,한국총괄 B2B영업그룹,직판1파트,1000204,대성건설,—,1000204,대성건설,대성건설 55인치 TV 납품건,2025-05-16,TV,HX-55T,직판주문,5680000,4
OPP-2025-0214,트렌드,한국총괄 B2B유통그룹,경로1파트,2000088,동백시스템,부산광역시 해운대구 좌동순환로 12,1000425,미래로병원,미래로병원 노트북 PC 납품건,2025-05-19,PC,NB-i7P,유통주문,12320000,8
OPP-2025-0215,선행영업,한국총괄 B2B영업그룹,직판1파트,1000101,해솔호텔,—,1000101,해솔호텔,해솔호텔 55인치 사이니지 납품건,2025-05-19,사이니지,SG-55C,직판주문,7040000,4
OPP-2025-0216,트렌드,한국총괄 B2B유통그룹,경로1파트,2000095,가야네트웍스,경상남도 김해시 분성로 221,1000311,한울종합건설,한울종합건설 18평형 에어컨 납품건,2025-05-20,에어컨,AC-18W,유통주문,3360000,3
OPP-2025-0217,트렌드,한국총괄 B2B영업그룹,직판1파트,1000311,한울종합건설,—,1000311,한울종합건설,한울종합건설 18평형 에어컨 납품건,2025-05-20,에어컨,AC-18W,직판주문,2240000,2
OPP-2025-0218,트렌드,한국총괄 B2B영업그룹,직판2파트,1000425,미래로병원,—,1000425,미래로병원,미래로병원 55인치 TV 납품건,2025-05-21,TV,HX-55T,직판주문,5680000,4
OPP-2025-0219,트렌드,한국총괄 B2B유통그룹,경로1파트,2000071,남해정보통신,부산광역시 해운대구 센텀중앙로 45,1000101,해솔호텔,해솔호텔 65인치 TV 납품건,2025-05-21,TV,BX-65S,유통주문,9360000,4
OPP-2025-0220,트렌드,한국총괄 B2B영업그룹,직판2파트,1000425,미래로병원,—,1000425,미래로병원,미래로병원 43인치 사이니지 납품건,2025-05-22,사이니지,SG-43C,직판주문,3450000,3
OPP-2025-0221,선행영업,한국총괄 B2B유통그룹,경로1파트,2000071,남해정보통신,부산광역시 해운대구 센텀중앙로 45,1000311,한울종합건설,한울종합건설 55인치 사이니지 납품건,2025-05-22,사이니지,SG-55C,유통주문,5280000,3
OPP-2025-0222,선행영업,한국총괄 B2B영업그룹,직판1파트,1000101,해솔호텔,—,1000101,해솔호텔,해솔호텔 55인치 사이니지 납품건,2025-05-22,사이니지,SG-55C,직판주문,5280000,3
OPP-2025-0223,트렌드,한국총괄 B2B영업그룹,직판1파트,1000204,대성건설,—,1000204,대성건설,대성건설 65인치 TV 납품건,2025-05-23,TV,BX-65S,직판주문,37440000,16
OPP-2025-0224,선행영업,한국총괄 B2B영업그룹,직판1파트,1000101,해솔호텔,—,1000101,해솔호텔,해솔호텔 18평형 에어컨 납품건,2025-05-23,에어컨,AC-18W,직판주문,2240000,2
OPP-2025-0225,트렌드,한국총괄 B2B유통그룹,경로1파트,2000088,동백시스템,부산광역시 해운대구 좌동순환로 12,1000425,미래로병원,미래로병원 데스크톱 PC 납품건,2025-05-26,PC,DP-i5N,유통주문,4450000,5
OPP-2025-0226,선행영업,한국총괄 B2B유통그룹,경로1파트,2000095,가야네트웍스,경상남도 김해시 분성로 221,1000538,세종교육재단,세종교육재단 43인치 사이니지 납품건,2025-05-26,사이니지,SG-43C,유통주문,6900000,6
OPP-2025-0227,트렌드,한국총괄 B2B영업그룹,직판1파트,1000311,한울종합건설,—,1000311,한울종합건설,한울종합건설 43인치 사이니지 납품건,2025-05-26,사이니지,SG-43C,직판주문,1150000,1
OPP-2025-0228,트렌드,한국총괄 B2B영업그룹,직판1파트,1000311,한울종합건설,—,1000311,한울종합건설,한울종합건설 18평형 에어컨 납품건,2025-05-26,에어컨,AC-18W,직판주문,6720000,6
OPP-2025-0229,선행영업,한국총괄 B2B영업그룹,직판1파트,1000204,대성건설,—,1000204,대성건설,대성건설 18평형 에어컨 납품건,2025-05-27,에어컨,AC-18W,직판주문,2240000,2
OPP-2025-0230,트렌드,한국총괄 B2B영업그룹,직판2파트,1000425,미래로병원,—,1000425,미래로병원,미래로병원 32인치 모니터 납품건,2025-05-27,모니터,MN-32U,직판주문,13800000,20
OPP-2025-0231,선행영업,한국총괄 B2B유통그룹,경로1파트,2000071,남해정보통신,부산광역시 해운대구 센텀중앙로 45,1000311,한울종합건설,한울종합건설 43인치 사이니지 납품건,2025-05-27,사이니지,SG-43C,유통주문,3450000,3
OPP-2025-0232,트렌드,한국총괄 B2B영업그룹,직판1파트,1000311,한울종합건설,—,1000311,한울종합건설,한울종합건설 55인치 사이니지 납품건,2025-05-27,사이니지,SG-55C,직판주문,10560000,6
OPP-2025-0233,선행영업,한국총괄 B2B영업그룹,직판1파트,1000101,해솔호텔,—,1000101,해솔호텔,해솔호텔 대용량 청소기 납품건,2025-05-27,청소기,VC-35H,직판주문,1840000,4
OPP-2025-0234,선행영업,한국총괄 B2B영업그룹,직판1파트,1000204,대성건설,—,1000204,대성건설,대성건설 32인치 모니터 납품건,2025-05-28,모니터,MN-32U,직판주문,13800000,20
OPP-2025-0235,트렌드,한국총괄 B2B영업그룹,직판1파트,1000204,대성건설,—,1000204,대성건설,대성건설 18평형 에어컨 납품건,2025-05-28,에어컨,AC-18W,직판주문,3360000,3
OPP-2025-0236,트렌드,한국총괄 B2B유통그룹,경로1파트,2000071,남해정보통신,부산광역시 해운대구 센텀중앙로 45,1000311,한울종합건설,한울종합건설 18평형 에어컨 납품건,2025-05-28,에어컨,AC-18W,유통주문,4480000,4
OPP-2025-0237,선행영업,한국총괄 B2B유통그룹,경로1파트,2000071,남해정보통신,부산광역시 해운대구 센텀중앙로 45,1000101,해솔호텔,해솔호텔 65인치 TV 납품건,2025-05-28,TV,BX-65S,유통주문,37440000,16
OPP-2025-0238,트렌드,한국총괄 B2B유통그룹,경로1파트,2000071,남해정보통신,부산광역시 해운대구 센텀중앙로 45,1000204,대성건설,대성건설 43인치 사이니지 납품건,2025-05-29,사이니지,SG-43C,유통주문,3450000,3
OPP-2025-0239,트렌드,한국총괄 B2B유통그룹,경로1파트,2000071,남해정보통신,부산광역시 해운대구 센텀중앙로 45,1000204,대성건설,대성건설 55인치 사이니지 납품건,2025-05-29,사이니지,SG-55C,유통주문,10560000,6
OPP-2025-0240,트렌드,한국총괄 B2B유통그룹,경로1파트,2000095,가야네트웍스,경상남도 김해시 분성로 221,1000538,세종교육재단,세종교육재단 32인치 모니터 납품건,2025-05-29,모니터,MN-32U,유통주문,5520000,8
OPP-2025-0241,트렌드,한국총괄 B2B영업그룹,직판1파트,1000311,한울종합건설,—,1000311,한울종합건설,한울종합건설 32인치 모니터 납품건,2025-05-29,모니터,MN-32U,직판주문,3450000,5
OPP-2025-0242,트렌드,한국총괄 B2B유통그룹,경로1파트,2000088,동백시스템,부산광역시 해운대구 좌동순환로 12,1000642,서진리테일,서진리테일 18평형 에어컨 납품건,2025-05-30,에어컨,AC-18W,유통주문,2240000,2
OPP-2025-0243,트렌드,한국총괄 B2B유통그룹,경로1파트,2000095,가야네트웍스,경상남도 김해시 분성로 221,1000538,세종교육재단,세종교육재단 55인치 사이니지 납품건,2025-05-30,사이니지,SG-55C,유통주문,5280000,3
OPP-2025-0244,트렌드,한국총괄 B2B유통그룹,경로1파트,2000095,가야네트웍스,경상남도 김해시 분성로 221,1000538,세종교육재단,세종교육재단 노트북 PC 납품건,2025-05-30,PC,NB-i7P,유통주문,23100000,15
OPP-2025-0245,트렌드,한국총괄 B2B유통그룹,경로1파트,2000071,남해정보통신,부산광역시 해운대구 센텀중앙로 45,1000101,해솔호텔,해솔호텔 65인치 TV 납품건,2025-05-30,TV,BX-65S,유통주문,37440000,16
OPP-2025-0246,선행영업,한국총괄 B2B유통그룹,경로1파트,2000088,동백시스템,부산광역시 해운대구 좌동순환로 12,1000642,서진리테일,서진리테일 업소용 청소기 납품건,2025-06-02,청소기,VC-20B,유통주문,560000,2
OPP-2025-0247,트렌드,한국총괄 B2B유통그룹,경로1파트,2000095,가야네트웍스,경상남도 김해시 분성로 221,1000311,한울종합건설,한울종합건설 18평형 에어컨 납품건,2025-06-02,에어컨,AC-18W,유통주문,6720000,6
OPP-2025-0248,트렌드,한국총괄 B2B유통그룹,경로1파트,2000088,동백시스템,부산광역시 해운대구 좌동순환로 12,1000642,서진리테일,서진리테일 노트북 PC 납품건,2025-06-03,PC,NB-i7P,유통주문,23100000,15
OPP-2025-0249,트렌드,한국총괄 B2B유통그룹,경로1파트,2000071,남해정보통신,부산광역시 해운대구 센텀중앙로 45,1000311,한울종합건설,한울종합건설 65인치 TV 납품건,2025-06-03,TV,BX-65S,유통주문,4680000,2
OPP-2025-0250,선행영업,한국총괄 B2B유통그룹,경로1파트,2000088,동백시스템,부산광역시 해운대구 좌동순환로 12,1000642,서진리테일,서진리테일 55인치 사이니지 납품건,2025-06-04,사이니지,SG-55C,유통주문,7040000,4
OPP-2025-0251,선행영업,한국총괄 B2B유통그룹,경로1파트,2000095,가야네트웍스,경상남도 김해시 분성로 221,1000311,한울종합건설,한울종합건설 43인치 사이니지 납품건,2025-06-04,사이니지,SG-43C,유통주문,2300000,2
OPP-2025-0252,선행영업,한국총괄 B2B유통그룹,경로1파트,2000088,동백시스템,부산광역시 해운대구 좌동순환로 12,1000642,서진리테일,서진리테일 노트북 PC 납품건,2025-06-05,PC,NB-i7P,유통주문,12320000,8
OPP-2025-0253,선행영업,한국총괄 B2B유통그룹,경로1파트,2000095,가야네트웍스,경상남도 김해시 분성로 221,1000311,한울종합건설,한울종합건설 65인치 TV 납품건,2025-06-05,TV,BX-65S,유통주문,4680000,2
OPP-2025-0254,선행영업,한국총괄 B2B유통그룹,경로1파트,2000071,남해정보통신,부산광역시 해운대구 센텀중앙로 45,1000204,대성건설,대성건설 55인치 TV 납품건,2025-06-06,TV,HX-55T,유통주문,5680000,4
OPP-2025-0255,선행영업,한국총괄 B2B영업그룹,직판2파트,1000425,미래로병원,—,1000425,미래로병원,미래로병원 65인치 TV 납품건,2025-06-09,TV,HX-65T,직판주문,31680000,16
OPP-2025-0256,선행영업,한국총괄 B2B영업그룹,직판2파트,1000642,서진리테일,—,1000642,서진리테일,서진리테일 데스크톱 PC 납품건,2025-06-09,PC,DP-i5N,직판주문,4450000,5
OPP-2025-0257,선행영업,한국총괄 B2B영업그룹,직판1파트,1000204,대성건설,—,1000204,대성건설,대성건설 65인치 TV 납품건,2025-06-10,TV,HX-65T,직판주문,11880000,6
OPP-2025-0258,선행영업,한국총괄 B2B영업그룹,직판1파트,1000204,대성건설,—,1000204,대성건설,대성건설 27인치 모니터 납품건,2025-06-10,모니터,MN-27Q,직판주문,5160000,12
OPP-2025-0259,트렌드,한국총괄 B2B영업그룹,직판1파트,1000204,대성건설,—,1000204,대성건설,대성건설 27인치 모니터 납품건,2025-06-11,모니터,MN-27Q,직판주문,2150000,5
OPP-2025-0260,선행영업,한국총괄 B2B유통그룹,경로1파트,2000071,남해정보통신,부산광역시 해운대구 센텀중앙로 45,1000204,대성건설,대성건설 43인치 사이니지 납품건,2025-06-12,사이니지,SG-43C,유통주문,4600000,4
OPP-2025-0261,트렌드,한국총괄 B2B유통그룹,경로1파트,2000088,동백시스템,부산광역시 해운대구 좌동순환로 12,1000425,미래로병원,미래로병원 27인치 모니터 납품건,2025-06-12,모니터,MN-27Q,유통주문,8600000,20
OPP-2025-0262,선행영업,한국총괄 B2B유통그룹,경로1파트,2000071,남해정보통신,부산광역시 해운대구 센텀중앙로 45,1000311,한울종합건설,한울종합건설 32인치 모니터 납품건,2025-06-12,모니터,MN-32U,유통주문,5520000,8
OPP-2025-0263,트렌드,한국총괄 B2B유통그룹,경로1파트,2000088,동백시스템,부산광역시 해운대구 좌동순환로 12,1000642,서진리테일,서진리테일 43인치 사이니지 납품건,2025-06-13,사이니지,SG-43C,유통주문,2300000,2
OPP-2025-0264,트렌드,한국총괄 B2B영업그룹,직판1파트,1000101,해솔호텔,—,1000101,해솔호텔,해솔호텔 65인치 TV 납품건,2025-06-13,TV,HX-65T,직판주문,3960000,2
OPP-2025-0265,트렌드,한국총괄 B2B유통그룹,경로1파트,2000095,가야네트웍스,경상남도 김해시 분성로 221,1000538,세종교육재단,세종교육재단 데스크톱 PC 납품건,2025-06-16,PC,DP-i5N,유통주문,13350000,15
OPP-2025-0266,트렌드,한국총괄 B2B유통그룹,경로1파트,2000071,남해정보통신,부산광역시 해운대구 센텀중앙로 45,1000101,해솔호텔,해솔호텔 65인치 TV 납품건,2025-06-17,TV,HX-65T,유통주문,11880000,6
OPP-2025-0267,선행영업,한국총괄 B2B유통그룹,경로1파트,2000088,동백시스템,부산광역시 해운대구 좌동순환로 12,1000425,미래로병원,미래로병원 55인치 사이니지 납품건,2025-06-18,사이니지,SG-55C,유통주문,5280000,3
OPP-2025-0268,선행영업,한국총괄 B2B유통그룹,경로1파트,2000088,동백시스템,부산광역시 해운대구 좌동순환로 12,1000642,서진리테일,서진리테일 55인치 사이니지 납품건,2025-06-18,사이니지,SG-55C,유통주문,5280000,3
OPP-2025-0269,선행영업,한국총괄 B2B유통그룹,경로1파트,2000088,동백시스템,부산광역시 해운대구 좌동순환로 12,1000642,서진리테일,서진리테일 55인치 사이니지 납품건,2025-06-19,사이니지,SG-55C,유통주문,3520000,2
OPP-2025-0270,트렌드,한국총괄 B2B유통그룹,경로1파트,2000095,가야네트웍스,경상남도 김해시 분성로 221,1000311,한울종합건설,한울종합건설 27인치 모니터 납품건,2025-06-19,모니터,MN-27Q,유통주문,5160000,12
OPP-2025-0271,트렌드,한국총괄 B2B영업그룹,직판1파트,1000204,대성건설,—,1000204,대성건설,대성건설 18평형 에어컨 납품건,2025-06-20,에어컨,AC-18W,직판주문,6720000,6
OPP-2025-0272,트렌드,한국총괄 B2B영업그룹,직판1파트,1000204,대성건설,—,1000204,대성건설,대성건설 55인치 사이니지 납품건,2025-06-20,사이니지,SG-55C,직판주문,10560000,6
OPP-2025-0273,트렌드,한국총괄 B2B유통그룹,경로1파트,2000088,동백시스템,부산광역시 해운대구 좌동순환로 12,1000425,미래로병원,미래로병원 55인치 TV 납품건,2025-06-23,TV,HX-55T,유통주문,8520000,6
OPP-2025-0274,트렌드,한국총괄 B2B유통그룹,경로1파트,2000095,가야네트웍스,경상남도 김해시 분성로 221,1000538,세종교육재단,세종교육재단 27인치 모니터 납품건,2025-06-23,모니터,MN-27Q,유통주문,3440000,8
OPP-2025-0275,선행영업,한국총괄 B2B영업그룹,직판1파트,1000204,대성건설,—,1000204,대성건설,대성건설 32인치 모니터 납품건,2025-06-24,모니터,MN-32U,직판주문,3450000,5
OPP-2025-0276,트렌드,한국총괄 B2B유통그룹,경로1파트,2000088,동백시스템,부산광역시 해운대구 좌동순환로 12,1000425,미래로병원,미래로병원 27인치 모니터 납품건,2025-06-24,모니터,MN-27Q,유통주문,3440000,8
OPP-2025-0277,트렌드,한국총괄 B2B유통그룹,경로1파트,2000088,동백시스템,부산광역시 해운대구 좌동순환로 12,1000425,미래로병원,미래로병원 노트북 PC 납품건,2025-06-25,PC,NB-i7P,유통주문,15400000,10
OPP-2025-0278,선행영업,한국총괄 B2B영업그룹,직판2파트,1000538,세종교육재단,—,1000538,세종교육재단,세종교육재단 노트북 PC 납품건,2025-06-25,PC,NB-i7P,직판주문,15400000,10
OPP-2025-0279,트렌드,한국총괄 B2B유통그룹,경로1파트,2000071,남해정보통신,부산광역시 해운대구 센텀중앙로 45,1000311,한울종합건설,한울종합건설 32인치 모니터 납품건,2025-06-25,모니터,MN-32U,유통주문,3450000,5
OPP-2025-0280,트렌드,한국총괄 B2B영업그룹,직판1파트,1000311,한울종합건설,—,1000311,한울종합건설,한울종합건설 18평형 에어컨 납품건,2025-06-25,에어컨,AC-18W,직판주문,6720000,6
OPP-2025-0281,트렌드,한국총괄 B2B유통그룹,경로1파트,2000071,남해정보통신,부산광역시 해운대구 센텀중앙로 45,1000101,해솔호텔,해솔호텔 65인치 TV 납품건,2025-06-25,TV,HX-65T,유통주문,31680000,16
OPP-2025-0282,선행영업,한국총괄 B2B유통그룹,경로1파트,2000088,동백시스템,부산광역시 해운대구 좌동순환로 12,1000642,서진리테일,서진리테일 대용량 청소기 납품건,2025-06-26,청소기,VC-35H,유통주문,920000,2
OPP-2025-0283,트렌드,한국총괄 B2B영업그룹,직판1파트,1000311,한울종합건설,—,1000311,한울종합건설,한울종합건설 55인치 사이니지 납품건,2025-06-26,사이니지,SG-55C,직판주문,10560000,6
OPP-2025-0284,트렌드,한국총괄 B2B유통그룹,경로1파트,2000095,가야네트웍스,경상남도 김해시 분성로 221,1000311,한울종합건설,한울종합건설 43인치 사이니지 납품건,2025-06-26,사이니지,SG-43C,유통주문,1150000,1
OPP-2025-0285,트렌드,한국총괄 B2B영업그룹,직판1파트,1000311,한울종합건설,—,1000311,한울종합건설,한울종합건설 43인치 사이니지 납품건,2025-06-26,사이니지,SG-43C,직판주문,4600000,4
OPP-2025-0286,트렌드,한국총괄 B2B유통그룹,경로1파트,2000088,동백시스템,부산광역시 해운대구 좌동순환로 12,1000642,서진리테일,서진리테일 대용량 청소기 납품건,2025-06-27,청소기,VC-35H,유통주문,1840000,4
OPP-2025-0287,선행영업,한국총괄 B2B유통그룹,경로1파트,2000088,동백시스템,부산광역시 해운대구 좌동순환로 12,1000642,서진리테일,서진리테일 43인치 사이니지 납품건,2025-06-27,사이니지,SG-43C,유통주문,4600000,4
OPP-2025-0288,선행영업,한국총괄 B2B영업그룹,직판1파트,1000311,한울종합건설,—,1000311,한울종합건설,한울종합건설 18평형 에어컨 납품건,2025-06-27,에어컨,AC-18W,직판주문,2240000,2
OPP-2025-0289,트렌드,한국총괄 B2B유통그룹,경로1파트,2000071,남해정보통신,부산광역시 해운대구 센텀중앙로 45,1000311,한울종합건설,한울종합건설 18평형 에어컨 납품건,2025-06-27,에어컨,AC-18W,유통주문,2240000,2
OPP-2025-0290,선행영업,한국총괄 B2B영업그룹,직판1파트,1000204,대성건설,—,1000204,대성건설,대성건설 43인치 사이니지 납품건,2025-06-30,사이니지,SG-43C,직판주문,3450000,3
OPP-2025-0291,트렌드,한국총괄 B2B유통그룹,경로1파트,2000071,남해정보통신,부산광역시 해운대구 센텀중앙로 45,1000101,해솔호텔,해솔호텔 65인치 TV 납품건,2025-06-30,TV,BX-65S,유통주문,9360000,4
OPP-2025-0292,트렌드,한국총괄 B2B영업그룹,직판1파트,1000101,해솔호텔,—,1000101,해솔호텔,해솔호텔 65인치 TV 납품건,2025-07-01,TV,BX-65S,직판주문,9360000,4
OPP-2025-0293,트렌드,한국총괄 B2B유통그룹,경로1파트,2000071,남해정보통신,부산광역시 해운대구 센텀중앙로 45,1000101,해솔호텔,해솔호텔 55인치 TV 납품건,2025-07-01,TV,HX-55T,유통주문,22720000,16
OPP-2025-0294,선행영업,한국총괄 B2B유통그룹,경로1파트,2000071,남해정보통신,부산광역시 해운대구 센텀중앙로 45,1000204,대성건설,대성건설 18평형 에어컨 납품건,2025-07-02,에어컨,AC-18W,유통주문,2240000,2
OPP-2025-0295,트렌드,한국총괄 B2B유통그룹,경로1파트,2000088,동백시스템,부산광역시 해운대구 좌동순환로 12,1000642,서진리테일,서진리테일 대용량 청소기 납품건,2025-07-02,청소기,VC-35H,유통주문,4600000,10
OPP-2025-0296,선행영업,한국총괄 B2B유통그룹,경로1파트,2000095,가야네트웍스,경상남도 김해시 분성로 221,1000538,세종교육재단,세종교육재단 데스크톱 PC 납품건,2025-07-02,PC,DP-i5N,유통주문,8900000,10
OPP-2025-0297,트렌드,한국총괄 B2B영업그룹,직판2파트,1000538,세종교육재단,—,1000538,세종교육재단,세종교육재단 55인치 사이니지 납품건,2025-07-03,사이니지,SG-55C,직판주문,3520000,2
OPP-2025-0298,트렌드,한국총괄 B2B유통그룹,경로1파트,2000071,남해정보통신,부산광역시 해운대구 센텀중앙로 45,1000101,해솔호텔,해솔호텔 대용량 청소기 납품건,2025-07-03,청소기,VC-35H,유통주문,920000,2
OPP-2025-0299,선행영업,한국총괄 B2B영업그룹,직판1파트,1000311,한울종합건설,—,1000311,한울종합건설,한울종합건설 32인치 모니터 납품건,2025-07-04,모니터,MN-32U,직판주문,8280000,12
OPP-2025-0300,트렌드,한국총괄 B2B영업그룹,직판1파트,1000204,대성건설,—,1000204,대성건설,대성건설 27인치 모니터 납품건,2025-07-07,모니터,MN-27Q,직판주문,2150000,5
OPP-2025-0301,트렌드,한국총괄 B2B영업그룹,직판1파트,1000204,대성건설,—,1000204,대성건설,대성건설 32인치 모니터 납품건,2025-07-08,모니터,MN-32U,직판주문,8280000,12
OPP-2025-0302,트렌드,한국총괄 B2B영업그룹,직판1파트,1000204,대성건설,—,1000204,대성건설,대성건설 18평형 에어컨 납품건,2025-07-09,에어컨,AC-18W,직판주문,3360000,3
OPP-2025-0303,트렌드,한국총괄 B2B유통그룹,경로1파트,2000088,동백시스템,부산광역시 해운대구 좌동순환로 12,1000425,미래로병원,미래로병원 43인치 사이니지 납품건,2025-07-09,사이니지,SG-43C,유통주문,4600000,4
OPP-2025-0304,선행영업,한국총괄 B2B유통그룹,경로1파트,2000088,동백시스템,부산광역시 해운대구 좌동순환로 12,1000425,미래로병원,미래로병원 55인치 TV 납품건,2025-07-10,TV,HX-55T,유통주문,22720000,16
OPP-2025-0305,트렌드,한국총괄 B2B유통그룹,경로1파트,2000088,동백시스템,부산광역시 해운대구 좌동순환로 12,1000642,서진리테일,서진리테일 18평형 에어컨 납품건,2025-07-10,에어컨,AC-18W,유통주문,6720000,6
OPP-2025-0306,트렌드,한국총괄 B2B영업그룹,직판1파트,1000204,대성건설,—,1000204,대성건설,대성건설 43인치 사이니지 납품건,2025-07-11,사이니지,SG-43C,직판주문,6900000,6
OPP-2025-0307,트렌드,한국총괄 B2B영업그룹,직판2파트,1000538,세종교육재단,—,1000538,세종교육재단,세종교육재단 27인치 모니터 납품건,2025-07-11,모니터,MN-27Q,직판주문,2150000,5
OPP-2025-0308,트렌드,한국총괄 B2B유통그룹,경로1파트,2000088,동백시스템,부산광역시 해운대구 좌동순환로 12,1000425,미래로병원,미래로병원 55인치 TV 납품건,2025-07-14,TV,HX-55T,유통주문,14200000,10
OPP-2025-0309,트렌드,한국총괄 B2B영업그룹,직판1파트,1000311,한울종합건설,—,1000311,한울종합건설,한울종합건설 55인치 TV 납품건,2025-07-14,TV,HX-55T,직판주문,5680000,4
OPP-2025-0310,트렌드,한국총괄 B2B영업그룹,직판1파트,1000204,대성건설,—,1000204,대성건설,대성건설 55인치 사이니지 납품건,2025-07-15,사이니지,SG-55C,직판주문,5280000,3
OPP-2025-0311,트렌드,한국총괄 B2B유통그룹,경로1파트,2000095,가야네트웍스,경상남도 김해시 분성로 221,1000538,세종교육재단,세종교육재단 27인치 모니터 납품건,2025-07-15,모니터,MN-27Q,유통주문,8600000,20
OPP-2025-0312,트렌드,한국총괄 B2B유통그룹,경로1파트,2000071,남해정보통신,부산광역시 해운대구 센텀중앙로 45,1000311,한울종합건설,한울종합건설 55인치 사이니지 납품건,2025-07-16,사이니지,SG-55C,유통주문,5280000,3
OPP-2025-0313,트렌드,한국총괄 B2B유통그룹,경로1파트,2000088,동백시스템,부산광역시 해운대구 좌동순환로 12,1000642,서진리테일,서진리테일 55인치 사이니지 납품건,2025-07-17,사이니지,SG-55C,유통주문,10560000,6
OPP-2025-0314,트렌드,한국총괄 B2B유통그룹,경로1파트,2000071,남해정보통신,부산광역시 해운대구 센텀중앙로 45,1000311,한울종합건설,한울종합건설 55인치 사이니지 납품건,2025-07-17,사이니지,SG-55C,유통주문,10560000,6
OPP-2025-0315,트렌드,한국총괄 B2B영업그룹,직판2파트,1000425,미래로병원,—,1000425,미래로병원,미래로병원 32인치 모니터 납품건,2025-07-18,모니터,MN-32U,직판주문,8280000,12
OPP-2025-0316,트렌드,한국총괄 B2B유통그룹,경로1파트,2000088,동백시스템,부산광역시 해운대구 좌동순환로 12,1000642,서진리테일,서진리테일 18평형 에어컨 납품건,2025-07-18,에어컨,AC-18W,유통주문,6720000,6
OPP-2025-0317,트렌드,한국총괄 B2B유통그룹,경로1파트,2000071,남해정보통신,부산광역시 해운대구 센텀중앙로 45,1000311,한울종합건설,한울종합건설 43인치 사이니지 납품건,2025-07-18,사이니지,SG-43C,유통주문,6900000,6
OPP-2025-0318,트렌드,한국총괄 B2B영업그룹,직판1파트,1000204,대성건설,—,1000204,대성건설,대성건설 55인치 TV 납품건,2025-07-21,TV,HX-55T,직판주문,2840000,2
OPP-2025-0319,선행영업,한국총괄 B2B영업그룹,직판2파트,1000425,미래로병원,—,1000425,미래로병원,미래로병원 노트북 PC 납품건,2025-07-21,PC,NB-i7P,직판주문,30800000,20
OPP-2025-0320,트렌드,한국총괄 B2B유통그룹,경로1파트,2000095,가야네트웍스,경상남도 김해시 분성로 221,1000311,한울종합건설,한울종합건설 32인치 모니터 납품건,2025-07-22,모니터,MN-32U,유통주문,3450000,5
OPP-2025-0321,트렌드,한국총괄 B2B유통그룹,경로1파트,2000095,가야네트웍스,경상남도 김해시 분성로 221,1000538,세종교육재단,세종교육재단 32인치 모니터 납품건,2025-07-23,모니터,MN-32U,유통주문,13800000,20
OPP-2025-0322,트렌드,한국총괄 B2B영업그룹,직판1파트,1000204,대성건설,—,1000204,대성건설,대성건설 27인치 모니터 납품건,2025-07-24,모니터,MN-27Q,직판주문,2150000,5
OPP-2025-0323,트렌드,한국총괄 B2B영업그룹,직판1파트,1000204,대성건설,—,1000204,대성건설,대성건설 43인치 사이니지 납품건,2025-07-25,사이니지,SG-43C,직판주문,6900000,6
OPP-2025-0324,트렌드,한국총괄 B2B유통그룹,경로1파트,2000095,가야네트웍스,경상남도 김해시 분성로 221,1000538,세종교육재단,세종교육재단 18평형 에어컨 납품건,2025-07-25,에어컨,AC-18W,유통주문,6720000,6
OPP-2025-0325,트렌드,한국총괄 B2B영업그룹,직판2파트,1000538,세종교육재단,—,1000538,세종교육재단,세종교육재단 노트북 PC 납품건,2025-07-25,PC,NB-i7P,직판주문,12320000,8
OPP-2025-0326,트렌드,한국총괄 B2B유통그룹,경로1파트,2000071,남해정보통신,부산광역시 해운대구 센텀중앙로 45,1000101,해솔호텔,해솔호텔 18평형 에어컨 납품건,2025-07-25,에어컨,AC-18W,유통주문,2240000,2
OPP-2025-0327,선행영업,한국총괄 B2B영업그룹,직판1파트,1000204,대성건설,—,1000204,대성건설,대성건설 55인치 사이니지 납품건,2025-07-28,사이니지,SG-55C,직판주문,1760000,1
OPP-2025-0328,트렌드,한국총괄 B2B유통그룹,경로1파트,2000095,가야네트웍스,경상남도 김해시 분성로 221,1000538,세종교육재단,세종교육재단 노트북 PC 납품건,2025-07-28,PC,NB-i7P,유통주문,30800000,20
OPP-2025-0329,선행영업,한국총괄 B2B영업그룹,직판1파트,1000204,대성건설,—,1000204,대성건설,대성건설 55인치 사이니지 납품건,2025-07-29,사이니지,SG-55C,직판주문,1760000,1
OPP-2025-0330,선행영업,한국총괄 B2B영업그룹,직판1파트,1000204,대성건설,—,1000204,대성건설,대성건설 18평형 에어컨 납품건,2025-07-29,에어컨,AC-18W,직판주문,4480000,4
OPP-2025-0331,선행영업,한국총괄 B2B영업그룹,직판1파트,1000101,해솔호텔,—,1000101,해솔호텔,해솔호텔 65인치 TV 납품건,2025-07-29,TV,BX-65S,직판주문,4680000,2
OPP-2025-0332,트렌드,한국총괄 B2B영업그룹,직판1파트,1000101,해솔호텔,—,1000101,해솔호텔,해솔호텔 18평형 에어컨 납품건,2025-07-29,에어컨,AC-18W,직판주문,6720000,6
OPP-2025-0333,트렌드,한국총괄 B2B유통그룹,경로1파트,2000071,남해정보통신,부산광역시 해운대구 센텀중앙로 45,1000204,대성건설,대성건설 65인치 TV 납품건,2025-07-30,TV,BX-65S,유통주문,9360000,4
OPP-2025-0334,선행영업,한국총괄 B2B영업그룹,직판1파트,1000204,대성건설,—,1000204,대성건설,대성건설 18평형 에어컨 납품건,2025-07-30,에어컨,AC-18W,직판주문,2240000,2
OPP-2025-0335,트렌드,한국총괄 B2B유통그룹,경로1파트,2000095,가야네트웍스,경상남도 김해시 분성로 221,1000538,세종교육재단,세종교육재단 데스크톱 PC 납품건,2025-07-30,PC,DP-i5N,유통주문,13350000,15
OPP-2025-0336,트렌드,한국총괄 B2B유통그룹,경로1파트,2000071,남해정보통신,부산광역시 해운대구 센텀중앙로 45,1000101,해솔호텔,해솔호텔 65인치 TV 납품건,2025-07-30,TV,BX-65S,유통주문,9360000,4
OPP-2025-0337,선행영업,한국총괄 B2B유통그룹,경로1파트,2000071,남해정보통신,부산광역시 해운대구 센텀중앙로 45,1000101,해솔호텔,해솔호텔 18평형 에어컨 납품건,2025-07-30,에어컨,AC-18W,유통주문,2240000,2
OPP-2025-0338,트렌드,한국총괄 B2B영업그룹,직판1파트,1000204,대성건설,—,1000204,대성건설,대성건설 18평형 에어컨 납품건,2025-07-31,에어컨,AC-18W,직판주문,4480000,4
OPP-2025-0339,트렌드,한국총괄 B2B유통그룹,경로1파트,2000088,동백시스템,부산광역시 해운대구 좌동순환로 12,1000642,서진리테일,서진리테일 55인치 사이니지 납품건,2025-07-31,사이니지,SG-55C,유통주문,5280000,3
OPP-2025-0340,선행영업,한국총괄 B2B유통그룹,경로1파트,2000071,남해정보통신,부산광역시 해운대구 센텀중앙로 45,1000311,한울종합건설,한울종합건설 27인치 모니터 납품건,2025-07-31,모니터,MN-27Q,유통주문,8600000,20
OPP-2025-0341,선행영업,한국총괄 B2B유통그룹,경로1파트,2000095,가야네트웍스,경상남도 김해시 분성로 221,1000311,한울종합건설,한울종합건설 27인치 모니터 납품건,2025-07-31,모니터,MN-27Q,유통주문,5160000,12
OPP-2025-0342,트렌드,한국총괄 B2B영업그룹,직판1파트,1000101,해솔호텔,—,1000101,해솔호텔,해솔호텔 55인치 TV 납품건,2025-07-31,TV,HX-55T,직판주문,5680000,4
OPP-2025-0343,트렌드,한국총괄 B2B영업그룹,직판2파트,1000538,세종교육재단,—,1000538,세종교육재단,세종교육재단 노트북 PC 납품건,2025-08-01,PC,NB-i7P,직판주문,12320000,8
OPP-2025-0344,트렌드,한국총괄 B2B유통그룹,경로1파트,2000071,남해정보통신,부산광역시 해운대구 센텀중앙로 45,1000101,해솔호텔,해솔호텔 55인치 사이니지 납품건,2025-08-01,사이니지,SG-55C,유통주문,5280000,3
OPP-2025-0345,트렌드,한국총괄 B2B영업그룹,직판1파트,1000204,대성건설,—,1000204,대성건설,대성건설 18평형 에어컨 납품건,2025-08-04,에어컨,AC-18W,직판주문,6720000,6
OPP-2025-0346,트렌드,한국총괄 B2B유통그룹,경로1파트,2000088,동백시스템,부산광역시 해운대구 좌동순환로 12,1000425,미래로병원,미래로병원 55인치 사이니지 납품건,2025-08-05,사이니지,SG-55C,유통주문,5280000,3
OPP-2025-0347,트렌드,한국총괄 B2B영업그룹,직판2파트,1000425,미래로병원,—,1000425,미래로병원,미래로병원 65인치 TV 납품건,2025-08-06,TV,BX-65S,직판주문,23400000,10
OPP-2025-0348,선행영업,한국총괄 B2B유통그룹,경로1파트,2000095,가야네트웍스,경상남도 김해시 분성로 221,1000538,세종교육재단,세종교육재단 노트북 PC 납품건,2025-08-06,PC,NB-i7P,유통주문,7700000,5
OPP-2025-0349,트렌드,한국총괄 B2B영업그룹,직판1파트,1000311,한울종합건설,—,1000311,한울종합건설,한울종합건설 65인치 TV 납품건,2025-08-06,TV,HX-65T,직판주문,3960000,2
OPP-2025-0350,트렌드,한국총괄 B2B영업그룹,직판1파트,1000204,대성건설,—,1000204,대성건설,대성건설 55인치 TV 납품건,2025-08-07,TV,HX-55T,직판주문,22720000,16
OPP-2025-0351,선행영업,한국총괄 B2B영업그룹,직판2파트,1000425,미래로병원,—,1000425,미래로병원,미래로병원 65인치 TV 납품건,2025-08-08,TV,HX-65T,직판주문,19800000,10
OPP-2025-0352,선행영업,한국총괄 B2B영업그룹,직판1파트,1000311,한울종합건설,—,1000311,한울종합건설,한울종합건설 18평형 에어컨 납품건,2025-08-08,에어컨,AC-18W,직판주문,4480000,4
OPP-2025-0353,트렌드,한국총괄 B2B영업그룹,직판1파트,1000204,대성건설,—,1000204,대성건설,대성건설 32인치 모니터 납품건,2025-08-11,모니터,MN-32U,직판주문,8280000,12
OPP-2025-0354,트렌드,한국총괄 B2B영업그룹,직판1파트,1000101,해솔호텔,—,1000101,해솔호텔,해솔호텔 65인치 TV 납품건,2025-08-11,TV,BX-65S,직판주문,9360000,4
OPP-2025-0355,선행영업,한국총괄 B2B유통그룹,경로1파트,2000088,동백시스템,부산광역시 해운대구 좌동순환로 12,1000642,서진리테일,서진리테일 55인치 사이니지 납품건,2025-08-12,사이니지,SG-55C,유통주문,1760000,1
OPP-2025-0356,선행영업,한국총괄 B2B유통그룹,경로1파트,2000088,동백시스템,부산광역시 해운대구 좌동순환로 12,1000642,서진리테일,서진리테일 대용량 청소기 납품건,2025-08-12,청소기,VC-35H,유통주문,1840000,4
OPP-2025-0357,트렌드,한국총괄 B2B유통그룹,경로1파트,2000095,가야네트웍스,경상남도 김해시 분성로 221,1000538,세종교육재단,세종교육재단 데스크톱 PC 납품건,2025-08-13,PC,DP-i5N,유통주문,13350000,15
OPP-2025-0358,트렌드,한국총괄 B2B영업그룹,직판1파트,1000311,한울종합건설,—,1000311,한울종합건설,한울종합건설 55인치 사이니지 납품건,2025-08-13,사이니지,SG-55C,직판주문,7040000,4
OPP-2025-0359,트렌드,한국총괄 B2B유통그룹,경로1파트,2000088,동백시스템,부산광역시 해운대구 좌동순환로 12,1000642,서진리테일,서진리테일 데스크톱 PC 납품건,2025-08-14,PC,DP-i5N,유통주문,4450000,5
OPP-2025-0360,트렌드,한국총괄 B2B영업그룹,직판2파트,1000538,세종교육재단,—,1000538,세종교육재단,세종교육재단 18평형 에어컨 납품건,2025-08-14,에어컨,AC-18W,직판주문,2240000,2
OPP-2025-0361,트렌드,한국총괄 B2B영업그룹,직판2파트,1000538,세종교육재단,—,1000538,세종교육재단,세종교육재단 18평형 에어컨 납품건,2025-08-14,에어컨,AC-18W,직판주문,3360000,3
OPP-2025-0362,트렌드,한국총괄 B2B영업그룹,직판1파트,1000204,대성건설,—,1000204,대성건설,대성건설 18평형 에어컨 납품건,2025-08-15,에어컨,AC-18W,직판주문,2240000,2
OPP-2025-0363,선행영업,한국총괄 B2B영업그룹,직판2파트,1000425,미래로병원,—,1000425,미래로병원,미래로병원 32인치 모니터 납품건,2025-08-15,모니터,MN-32U,직판주문,8280000,12
OPP-2025-0364,선행영업,한국총괄 B2B유통그룹,경로1파트,2000071,남해정보통신,부산광역시 해운대구 센텀중앙로 45,1000101,해솔호텔,해솔호텔 55인치 TV 납품건,2025-08-15,TV,HX-55T,유통주문,8520000,6
OPP-2025-0365,트렌드,한국총괄 B2B영업그룹,직판2파트,1000425,미래로병원,—,1000425,미래로병원,미래로병원 32인치 모니터 납품건,2025-08-18,모니터,MN-32U,직판주문,3450000,5
OPP-2025-0366,트렌드,한국총괄 B2B유통그룹,경로1파트,2000071,남해정보통신,부산광역시 해운대구 센텀중앙로 45,1000101,해솔호텔,해솔호텔 65인치 TV 납품건,2025-08-18,TV,HX-65T,유통주문,19800000,10
OPP-2025-0367,선행영업,한국총괄 B2B영업그룹,직판1파트,1000311,한울종합건설,—,1000311,한울종합건설,한울종합건설 18평형 에어컨 납품건,2025-08-19,에어컨,AC-18W,직판주문,4480000,4
OPP-2025-0368,트렌드,한국총괄 B2B유통그룹,경로1파트,2000071,남해정보통신,부산광역시 해운대구 센텀중앙로 45,1000101,해솔호텔,해솔호텔 43인치 사이니지 납품건,2025-08-19,사이니지,SG-43C,유통주문,4600000,4
OPP-2025-0369,트렌드,한국총괄 B2B영업그룹,직판2파트,1000642,서진리테일,—,1000642,서진리테일,서진리테일 노트북 PC 납품건,2025-08-20,PC,NB-i7P,직판주문,12320000,8
OPP-2025-0370,선행영업,한국총괄 B2B유통그룹,경로1파트,2000095,가야네트웍스,경상남도 김해시 분성로 221,1000538,세종교육재단,세종교육재단 18평형 에어컨 납품건,2025-08-20,에어컨,AC-18W,유통주문,2240000,2
OPP-2025-0371,트렌드,한국총괄 B2B유통그룹,경로1파트,2000071,남해정보통신,부산광역시 해운대구 센텀중앙로 45,1000311,한울종합건설,한울종합건설 18평형 에어컨 납품건,2025-08-20,에어컨,AC-18W,유통주문,2240000,2
OPP-2025-0372,트렌드,한국총괄 B2B영업그룹,직판1파트,1000204,대성건설,—,1000204,대성건설,대성건설 43인치 사이니지 납품건,2025-08-21,사이니지,SG-43C,직판주문,3450000,3
OPP-2025-0373,트렌드,한국총괄 B2B유통그룹,경로1파트,2000088,동백시스템,부산광역시 해운대구 좌동순환로 12,1000425,미래로병원,미래로병원 노트북 PC 납품건,2025-08-22,PC,NB-i7P,유통주문,23100000,15
OPP-2025-0374,선행영업,한국총괄 B2B유통그룹,경로1파트,2000088,동백시스템,부산광역시 해운대구 좌동순환로 12,1000642,서진리테일,서진리테일 18평형 에어컨 납품건,2025-08-25,에어컨,AC-18W,유통주문,2240000,2
OPP-2025-0375,선행영업,한국총괄 B2B영업그룹,직판1파트,1000101,해솔호텔,—,1000101,해솔호텔,해솔호텔 65인치 TV 납품건,2025-08-25,TV,BX-65S,직판주문,37440000,16
OPP-2025-0376,선행영업,한국총괄 B2B유통그룹,경로1파트,2000071,남해정보통신,부산광역시 해운대구 센텀중앙로 45,1000101,해솔호텔,해솔호텔 55인치 TV 납품건,2025-08-25,TV,HX-55T,유통주문,2840000,2
OPP-2025-0377,선행영업,한국총괄 B2B유통그룹,경로1파트,2000088,동백시스템,부산광역시 해운대구 좌동순환로 12,1000642,서진리테일,서진리테일 18평형 에어컨 납품건,2025-08-26,에어컨,AC-18W,유통주문,6720000,6
OPP-2025-0378,트렌드,한국총괄 B2B유통그룹,경로1파트,2000095,가야네트웍스,경상남도 김해시 분성로 221,1000538,세종교육재단,세종교육재단 노트북 PC 납품건,2025-08-26,PC,NB-i7P,유통주문,15400000,10
OPP-2025-0379,트렌드,한국총괄 B2B유통그룹,경로1파트,2000095,가야네트웍스,경상남도 김해시 분성로 221,1000538,세종교육재단,세종교육재단 32인치 모니터 납품건,2025-08-26,모니터,MN-32U,유통주문,13800000,20
OPP-2025-0380,선행영업,한국총괄 B2B영업그룹,직판1파트,1000204,대성건설,—,1000204,대성건설,대성건설 18평형 에어컨 납품건,2025-08-27,에어컨,AC-18W,직판주문,3360000,3
OPP-2025-0381,선행영업,한국총괄 B2B유통그룹,경로1파트,2000095,가야네트웍스,경상남도 김해시 분성로 221,1000311,한울종합건설,한울종합건설 18평형 에어컨 납품건,2025-08-27,에어컨,AC-18W,유통주문,2240000,2
OPP-2025-0382,트렌드,한국총괄 B2B영업그룹,직판1파트,1000204,대성건설,—,1000204,대성건설,대성건설 18평형 에어컨 납품건,2025-08-28,에어컨,AC-18W,직판주문,3360000,3
OPP-2025-0383,트렌드,한국총괄 B2B유통그룹,경로1파트,2000088,동백시스템,부산광역시 해운대구 좌동순환로 12,1000425,미래로병원,미래로병원 노트북 PC 납품건,2025-08-28,PC,NB-i7P,유통주문,12320000,8
OPP-2025-0384,트렌드,한국총괄 B2B유통그룹,경로1파트,2000088,동백시스템,부산광역시 해운대구 좌동순환로 12,1000642,서진리테일,서진리테일 55인치 사이니지 납품건,2025-08-29,사이니지,SG-55C,유통주문,7040000,4
OPP-2025-0385,트렌드,한국총괄 B2B영업그룹,직판1파트,1000311,한울종합건설,—,1000311,한울종합건설,한울종합건설 32인치 모니터 납품건,2025-08-29,모니터,MN-32U,직판주문,3450000,5
OPP-2025-0386,트렌드,한국총괄 B2B영업그룹,직판1파트,1000101,해솔호텔,—,1000101,해솔호텔,해솔호텔 대용량 청소기 납품건,2025-09-01,청소기,VC-35H,직판주문,4600000,10
OPP-2025-0387,트렌드,한국총괄 B2B유통그룹,경로1파트,2000095,가야네트웍스,경상남도 김해시 분성로 221,1000538,세종교육재단,세종교육재단 데스크톱 PC 납품건,2025-09-02,PC,DP-i5N,유통주문,17800000,20
OPP-2025-0388,트렌드,한국총괄 B2B유통그룹,경로1파트,2000088,동백시스템,부산광역시 해운대구 좌동순환로 12,1000425,미래로병원,미래로병원 노트북 PC 납품건,2025-09-03,PC,NB-i7P,유통주문,12320000,8
OPP-2025-0389,트렌드,한국총괄 B2B유통그룹,경로1파트,2000088,동백시스템,부산광역시 해운대구 좌동순환로 12,1000642,서진리테일,서진리테일 데스크톱 PC 납품건,2025-09-03,PC,DP-i5N,유통주문,13350000,15
OPP-2025-0390,트렌드,한국총괄 B2B영업그룹,직판1파트,1000311,한울종합건설,—,1000311,한울종합건설,한울종합건설 55인치 TV 납품건,2025-09-03,TV,HX-55T,직판주문,5680000,4
OPP-2025-0391,트렌드,한국총괄 B2B영업그룹,직판2파트,1000425,미래로병원,—,1000425,미래로병원,미래로병원 노트북 PC 납품건,2025-09-04,PC,NB-i7P,직판주문,7700000,5
OPP-2025-0392,트렌드,한국총괄 B2B유통그룹,경로1파트,2000088,동백시스템,부산광역시 해운대구 좌동순환로 12,1000642,서진리테일,서진리테일 55인치 사이니지 납품건,2025-09-04,사이니지,SG-55C,유통주문,5280000,3
OPP-2025-0393,트렌드,한국총괄 B2B유통그룹,경로1파트,2000095,가야네트웍스,경상남도 김해시 분성로 221,1000538,세종교육재단,세종교육재단 노트북 PC 납품건,2025-09-04,PC,NB-i7P,유통주문,12320000,8
OPP-2025-0394,트렌드,한국총괄 B2B영업그룹,직판1파트,1000204,대성건설,—,1000204,대성건설,대성건설 27인치 모니터 납품건,2025-09-05,모니터,MN-27Q,직판주문,2150000,5
OPP-2025-0395,트렌드,한국총괄 B2B유통그룹,경로1파트,2000095,가야네트웍스,경상남도 김해시 분성로 221,1000311,한울종합건설,한울종합건설 43인치 사이니지 납품건,2025-09-05,사이니지,SG-43C,유통주문,1150000,1
OPP-2025-0396,트렌드,한국총괄 B2B영업그룹,직판2파트,1000425,미래로병원,—,1000425,미래로병원,미래로병원 데스크톱 PC 납품건,2025-09-08,PC,DP-i5N,직판주문,13350000,15
OPP-2025-0397,선행영업,한국총괄 B2B영업그룹,직판2파트,1000425,미래로병원,—,1000425,미래로병원,미래로병원 노트북 일괄 교체 납품건,2025-09-08,PC,NB-i7P,직판주문,61600000,40
OPP-2025-0398,선행영업,한국총괄 B2B유통그룹,경로1파트,2000071,남해정보통신,부산광역시 해운대구 센텀중앙로 45,1000101,해솔호텔,해솔호텔 55인치 사이니지 납품건,2025-09-08,사이니지,SG-55C,유통주문,5280000,3
OPP-2025-0399,트렌드,한국총괄 B2B영업그룹,직판1파트,1000204,대성건설,—,1000204,대성건설,대성건설 32인치 모니터 납품건,2025-09-09,모니터,MN-32U,직판주문,13800000,20
OPP-2025-0400,트렌드,한국총괄 B2B유통그룹,경로1파트,2000095,가야네트웍스,경상남도 김해시 분성로 221,1000538,세종교육재단,세종교육재단 55인치 사이니지 납품건,2025-09-10,사이니지,SG-55C,유통주문,10560000,6
OPP-2025-0401,트렌드,한국총괄 B2B영업그룹,직판1파트,1000101,해솔호텔,—,1000101,해솔호텔,해솔호텔 65인치 TV 납품건,2025-09-10,TV,BX-65S,직판주문,9360000,4
OPP-2025-0402,선행영업,한국총괄 B2B영업그룹,직판2파트,1000425,미래로병원,—,1000425,미래로병원,미래로병원 노트북 PC 납품건,2025-09-11,PC,NB-i7P,직판주문,15400000,10
OPP-2025-0403,선행영업,한국총괄 B2B영업그룹,직판2파트,1000425,미래로병원,—,1000425,미래로병원,미래로병원 노트북 일괄 교체 납품건,2025-09-11,PC,NB-i7P,직판주문,61600000,40
OPP-2025-0404,트렌드,한국총괄 B2B유통그룹,경로1파트,2000095,가야네트웍스,경상남도 김해시 분성로 221,1000538,세종교육재단,세종교육재단 노트북 PC 납품건,2025-09-12,PC,NB-i7P,유통주문,30800000,20
OPP-2025-0405,선행영업,한국총괄 B2B유통그룹,경로1파트,2000071,남해정보통신,부산광역시 해운대구 센텀중앙로 45,1000101,해솔호텔,해솔호텔 43인치 사이니지 납품건,2025-09-12,사이니지,SG-43C,유통주문,4600000,4
OPP-2025-0406,트렌드,한국총괄 B2B유통그룹,경로1파트,2000088,동백시스템,부산광역시 해운대구 좌동순환로 12,1000642,서진리테일,서진리테일 노트북 PC 납품건,2025-09-15,PC,NB-i7P,유통주문,15400000,10
OPP-2025-0407,트렌드,한국총괄 B2B영업그룹,직판1파트,1000204,대성건설,—,1000204,대성건설,대성건설 18평형 에어컨 납품건,2025-09-16,에어컨,AC-18W,직판주문,2240000,2
OPP-2025-0408,트렌드,한국총괄 B2B영업그룹,직판1파트,1000204,대성건설,—,1000204,대성건설,대성건설 55인치 사이니지 납품건,2025-09-16,사이니지,SG-55C,직판주문,7040000,4
OPP-2025-0409,선행영업,한국총괄 B2B영업그룹,직판2파트,1000425,미래로병원,—,1000425,미래로병원,미래로병원 노트북 일괄 교체 납품건,2025-09-16,PC,NB-i7P,직판주문,61600000,40
OPP-2025-0410,트렌드,한국총괄 B2B영업그룹,직판1파트,1000204,대성건설,—,1000204,대성건설,대성건설 55인치 사이니지 납품건,2025-09-17,사이니지,SG-55C,직판주문,5280000,3
OPP-2025-0411,트렌드,한국총괄 B2B유통그룹,경로1파트,2000095,가야네트웍스,경상남도 김해시 분성로 221,1000538,세종교육재단,세종교육재단 18평형 에어컨 납품건,2025-09-17,에어컨,AC-18W,유통주문,4480000,4
OPP-2025-0412,선행영업,한국총괄 B2B유통그룹,경로1파트,2000088,동백시스템,부산광역시 해운대구 좌동순환로 12,1000642,서진리테일,서진리테일 18평형 에어컨 납품건,2025-09-18,에어컨,AC-18W,유통주문,3360000,3
OPP-2025-0413,트렌드,한국총괄 B2B유통그룹,경로1파트,2000071,남해정보통신,부산광역시 해운대구 센텀중앙로 45,1000101,해솔호텔,해솔호텔 43인치 사이니지 납품건,2025-09-18,사이니지,SG-43C,유통주문,6900000,6
OPP-2025-0414,선행영업,한국총괄 B2B영업그룹,직판2파트,1000425,미래로병원,—,1000425,미래로병원,미래로병원 43인치 사이니지 납품건,2025-09-19,사이니지,SG-43C,직판주문,4600000,4
OPP-2025-0415,선행영업,한국총괄 B2B영업그룹,직판2파트,1000425,미래로병원,—,1000425,미래로병원,미래로병원 노트북 일괄 교체 납품건,2025-09-19,PC,NB-i7P,직판주문,46200000,30
OPP-2025-0416,선행영업,한국총괄 B2B유통그룹,경로1파트,2000088,동백시스템,부산광역시 해운대구 좌동순환로 12,1000642,서진리테일,서진리테일 43인치 사이니지 납품건,2025-09-19,사이니지,SG-43C,유통주문,6900000,6
OPP-2025-0417,트렌드,한국총괄 B2B유통그룹,경로1파트,2000088,동백시스템,부산광역시 해운대구 좌동순환로 12,1000642,서진리테일,서진리테일 43인치 사이니지 납품건,2025-09-22,사이니지,SG-43C,유통주문,6900000,6
OPP-2025-0418,트렌드,한국총괄 B2B영업그룹,직판1파트,1000311,한울종합건설,—,1000311,한울종합건설,한울종합건설 55인치 사이니지 납품건,2025-09-22,사이니지,SG-55C,직판주문,1760000,1
OPP-2025-0419,트렌드,한국총괄 B2B영업그룹,직판2파트,1000425,미래로병원,—,1000425,미래로병원,미래로병원 27인치 모니터 납품건,2025-09-23,모니터,MN-27Q,직판주문,5160000,12
OPP-2025-0420,트렌드,한국총괄 B2B유통그룹,경로1파트,2000088,동백시스템,부산광역시 해운대구 좌동순환로 12,1000425,미래로병원,미래로병원 데스크톱 PC 납품건,2025-09-23,PC,DP-i5N,유통주문,8900000,10
OPP-2025-0421,트렌드,한국총괄 B2B유통그룹,경로1파트,2000088,동백시스템,부산광역시 해운대구 좌동순환로 12,1000642,서진리테일,서진리테일 43인치 사이니지 납품건,2025-09-23,사이니지,SG-43C,유통주문,2300000,2
OPP-2025-0422,선행영업,한국총괄 B2B영업그룹,직판1파트,1000101,해솔호텔,—,1000101,해솔호텔,해솔호텔 55인치 TV 납품건,2025-09-24,TV,HX-55T,직판주문,5680000,4
OPP-2025-0423,선행영업,한국총괄 B2B영업그룹,직판1파트,1000204,대성건설,—,1000204,대성건설,대성건설 43인치 사이니지 납품건,2025-09-25,사이니지,SG-43C,직판주문,6900000,6
OPP-2025-0424,트렌드,한국총괄 B2B영업그룹,직판1파트,1000311,한울종합건설,—,1000311,한울종합건설,한울종합건설 32인치 모니터 납품건,2025-09-25,모니터,MN-32U,직판주문,5520000,8
OPP-2025-0425,트렌드,한국총괄 B2B영업그룹,직판1파트,1000204,대성건설,—,1000204,대성건설,대성건설 18평형 에어컨 납품건,2025-09-26,에어컨,AC-18W,직판주문,4480000,4
OPP-2025-0426,트렌드,한국총괄 B2B영업그룹,직판2파트,1000425,미래로병원,—,1000425,미래로병원,미래로병원 27인치 모니터 납품건,2025-09-26,모니터,MN-27Q,직판주문,8600000,20
OPP-2025-0427,트렌드,한국총괄 B2B유통그룹,경로1파트,2000095,가야네트웍스,경상남도 김해시 분성로 221,1000538,세종교육재단,세종교육재단 노트북 PC 납품건,2025-09-26,PC,NB-i7P,유통주문,23100000,15
OPP-2025-0428,트렌드,한국총괄 B2B영업그룹,직판2파트,1000538,세종교육재단,—,1000538,세종교육재단,세종교육재단 32인치 모니터 납품건,2025-09-26,모니터,MN-32U,직판주문,5520000,8
OPP-2025-0429,트렌드,한국총괄 B2B유통그룹,경로1파트,2000071,남해정보통신,부산광역시 해운대구 센텀중앙로 45,1000101,해솔호텔,해솔호텔 65인치 TV 납품건,2025-09-26,TV,HX-65T,유통주문,31680000,16
OPP-2025-0430,트렌드,한국총괄 B2B영업그룹,직판1파트,1000204,대성건설,—,1000204,대성건설,대성건설 18평형 에어컨 납품건,2025-09-29,에어컨,AC-18W,직판주문,4480000,4
OPP-2025-0431,트렌드,한국총괄 B2B유통그룹,경로1파트,2000071,남해정보통신,부산광역시 해운대구 센텀중앙로 45,1000204,대성건설,대성건설 43인치 사이니지 납품건,2025-09-29,사이니지,SG-43C,유통주문,3450000,3
OPP-2025-0432,트렌드,한국총괄 B2B유통그룹,경로1파트,2000088,동백시스템,부산광역시 해운대구 좌동순환로 12,1000425,미래로병원,미래로병원 43인치 사이니지 납품건,2025-09-29,사이니지,SG-43C,유통주문,2300000,2
OPP-2025-0433,트렌드,한국총괄 B2B유통그룹,경로1파트,2000088,동백시스템,부산광역시 해운대구 좌동순환로 12,1000642,서진리테일,서진리테일 55인치 사이니지 납품건,2025-09-29,사이니지,SG-55C,유통주문,10560000,6
OPP-2025-0434,트렌드,한국총괄 B2B영업그룹,직판1파트,1000204,대성건설,—,1000204,대성건설,대성건설 18평형 에어컨 납품건,2025-09-30,에어컨,AC-18W,직판주문,4480000,4
OPP-2025-0435,트렌드,한국총괄 B2B영업그룹,직판1파트,1000204,대성건설,—,1000204,대성건설,대성건설 18평형 에어컨 납품건,2025-09-30,에어컨,AC-18W,직판주문,3360000,3
OPP-2025-0436,트렌드,한국총괄 B2B영업그룹,직판1파트,1000311,한울종합건설,—,1000311,한울종합건설,한울종합건설 18평형 에어컨 납품건,2025-09-30,에어컨,AC-18W,직판주문,2240000,2
OPP-2025-0437,트렌드,한국총괄 B2B유통그룹,경로1파트,2000095,가야네트웍스,경상남도 김해시 분성로 221,1000311,한울종합건설,한울종합건설 18평형 에어컨 납품건,2025-09-30,에어컨,AC-18W,유통주문,3360000,3
OPP-2025-0438,트렌드,한국총괄 B2B영업그룹,직판1파트,1000101,해솔호텔,—,1000101,해솔호텔,해솔호텔 65인치 TV 납품건,2025-09-30,TV,HX-65T,직판주문,3960000,2
OPP-2025-0439,트렌드,한국총괄 B2B유통그룹,경로1파트,2000071,남해정보통신,부산광역시 해운대구 센텀중앙로 45,1000311,한울종합건설,한울종합건설 18평형 에어컨 납품건,2025-10-01,에어컨,AC-18W,유통주문,3360000,3
OPP-2025-0440,트렌드,한국총괄 B2B유통그룹,경로1파트,2000071,남해정보통신,부산광역시 해운대구 센텀중앙로 45,1000101,해솔호텔,해솔호텔 55인치 사이니지 납품건,2025-10-01,사이니지,SG-55C,유통주문,5280000,3
OPP-2025-0441,트렌드,한국총괄 B2B영업그룹,직판1파트,1000204,대성건설,—,1000204,대성건설,대성건설 55인치 사이니지 납품건,2025-10-02,사이니지,SG-55C,직판주문,5280000,3
OPP-2025-0442,트렌드,한국총괄 B2B유통그룹,경로1파트,2000071,남해정보통신,부산광역시 해운대구 센텀중앙로 45,1000101,해솔호텔,해솔호텔 18평형 에어컨 납품건,2025-10-02,에어컨,AC-18W,유통주문,6720000,6
OPP-2025-0443,트렌드,한국총괄 B2B유통그룹,경로1파트,2000071,남해정보통신,부산광역시 해운대구 센텀중앙로 45,1000101,해솔호텔,해솔호텔 43인치 사이니지 납품건,2025-10-02,사이니지,SG-43C,유통주문,1150000,1
OPP-2025-0444,트렌드,한국총괄 B2B유통그룹,경로1파트,2000095,가야네트웍스,경상남도 김해시 분성로 221,1000538,세종교육재단,세종교육재단 노트북 PC 납품건,2025-10-03,PC,NB-i7P,유통주문,12320000,8
OPP-2025-0445,선행영업,한국총괄 B2B유통그룹,경로1파트,2000071,남해정보통신,부산광역시 해운대구 센텀중앙로 45,1000311,한울종합건설,한울종합건설 32인치 모니터 납품건,2025-10-03,모니터,MN-32U,유통주문,8280000,12
OPP-2025-0446,선행영업,한국총괄 B2B영업그룹,직판2파트,1000425,미래로병원,—,1000425,미래로병원,미래로병원 32인치 모니터 납품건,2025-10-06,모니터,MN-32U,직판주문,8280000,12
OPP-2025-0447,트렌드,한국총괄 B2B유통그룹,경로1파트,2000088,동백시스템,부산광역시 해운대구 좌동순환로 12,1000642,서진리테일,서진리테일 노트북 PC 납품건,2025-10-06,PC,NB-i7P,유통주문,23100000,15
OPP-2025-0448,트렌드,한국총괄 B2B유통그룹,경로1파트,2000088,동백시스템,부산광역시 해운대구 좌동순환로 12,1000642,서진리테일,서진리테일 18평형 에어컨 납품건,2025-10-07,에어컨,AC-18W,유통주문,4480000,4
OPP-2025-0449,선행영업,한국총괄 B2B유통그룹,경로1파트,2000095,가야네트웍스,경상남도 김해시 분성로 221,1000311,한울종합건설,한울종합건설 27인치 모니터 납품건,2025-10-07,모니터,MN-27Q,유통주문,5160000,12
OPP-2025-0450,트렌드,한국총괄 B2B유통그룹,경로1파트,2000071,남해정보통신,부산광역시 해운대구 센텀중앙로 45,1000204,대성건설,대성건설 32인치 모니터 납품건,2025-10-08,모니터,MN-32U,유통주문,3450000,5
OPP-2025-0451,트렌드,한국총괄 B2B영업그룹,직판1파트,1000204,대성건설,—,1000204,대성건설,대성건설 55인치 사이니지 납품건,2025-10-09,사이니지,SG-55C,직판주문,3520000,2
OPP-2025-0452,트렌드,한국총괄 B2B유통그룹,경로1파트,2000071,남해정보통신,부산광역시 해운대구 센텀중앙로 45,1000101,해솔호텔,해솔호텔 대용량 청소기 납품건,2025-10-09,청소기,VC-35H,유통주문,1840000,4
OPP-2025-0453,선행영업,한국총괄 B2B유통그룹,경로1파트,2000095,가야네트웍스,경상남도 김해시 분성로 221,1000538,세종교육재단,세종교육재단 데스크톱 PC 납품건,2025-10-10,PC,DP-i5N,유통주문,4450000,5
OPP-2025-0454,트렌드,한국총괄 B2B유통그룹,경로1파트,2000095,가야네트웍스,경상남도 김해시 분성로 221,1000538,세종교육재단,세종교육재단 노트북 PC 납품건,2025-10-13,PC,NB-i7P,유통주문,23100000,15
OPP-2025-0455,트렌드,한국총괄 B2B영업그룹,직판1파트,1000311,한울종합건설,—,1000311,한울종합건설,한울종합건설 18평형 에어컨 납품건,2025-10-14,에어컨,AC-18W,직판주문,3360000,3
OPP-2025-0456,선행영업,한국총괄 B2B영업그룹,직판1파트,1000101,해솔호텔,—,1000101,해솔호텔,해솔호텔 55인치 TV 납품건,2025-10-14,TV,HX-55T,직판주문,8520000,6
OPP-2025-0457,선행영업,한국총괄 B2B유통그룹,경로1파트,2000095,가야네트웍스,경상남도 김해시 분성로 221,1000311,한울종합건설,한울종합건설 18평형 에어컨 납품건,2025-10-15,에어컨,AC-18W,유통주문,3360000,3
OPP-2025-0458,트렌드,한국총괄 B2B유통그룹,경로1파트,2000071,남해정보통신,부산광역시 해운대구 센텀중앙로 45,1000204,대성건설,대성건설 55인치 사이니지 납품건,2025-10-16,사이니지,SG-55C,유통주문,7040000,4
OPP-2025-0459,트렌드,한국총괄 B2B유통그룹,경로1파트,2000088,동백시스템,부산광역시 해운대구 좌동순환로 12,1000642,서진리테일,서진리테일 업소용 청소기 납품건,2025-10-17,청소기,VC-20B,유통주문,560000,2
OPP-2025-0460,트렌드,한국총괄 B2B유통그룹,경로1파트,2000088,동백시스템,부산광역시 해운대구 좌동순환로 12,1000642,서진리테일,서진리테일 43인치 사이니지 납품건,2025-10-17,사이니지,SG-43C,유통주문,3450000,3
OPP-2025-0461,선행영업,한국총괄 B2B영업그룹,직판1파트,1000311,한울종합건설,—,1000311,한울종합건설,한울종합건설 55인치 사이니지 납품건,2025-10-17,사이니지,SG-55C,직판주문,3520000,2
OPP-2025-0462,트렌드,한국총괄 B2B유통그룹,경로1파트,2000088,동백시스템,부산광역시 해운대구 좌동순환로 12,1000425,미래로병원,미래로병원 32인치 모니터 납품건,2025-10-20,모니터,MN-32U,유통주문,8280000,12
OPP-2025-0463,트렌드,한국총괄 B2B유통그룹,경로1파트,2000095,가야네트웍스,경상남도 김해시 분성로 221,1000538,세종교육재단,세종교육재단 노트북 PC 납품건,2025-10-20,PC,NB-i7P,유통주문,30800000,20
OPP-2025-0464,트렌드,한국총괄 B2B영업그룹,직판2파트,1000538,세종교육재단,—,1000538,세종교육재단,세종교육재단 데스크톱 PC 납품건,2025-10-20,PC,DP-i5N,직판주문,4450000,5
OPP-2025-0465,트렌드,한국총괄 B2B유통그룹,경로1파트,2000095,가야네트웍스,경상남도 김해시 분성로 221,1000311,한울종합건설,한울종합건설 27인치 모니터 납품건,2025-10-21,모니터,MN-27Q,유통주문,3440000,8
OPP-2025-0466,트렌드,한국총괄 B2B영업그룹,직판2파트,1000425,미래로병원,—,1000425,미래로병원,미래로병원 27인치 모니터 납품건,2025-10-22,모니터,MN-27Q,직판주문,3440000,8
OPP-2025-0467,트렌드,한국총괄 B2B유통그룹,경로1파트,2000088,동백시스템,부산광역시 해운대구 좌동순환로 12,1000642,서진리테일,서진리테일 43인치 사이니지 납품건,2025-10-22,사이니지,SG-43C,유통주문,4600000,4
OPP-2025-0468,트렌드,한국총괄 B2B영업그룹,직판1파트,1000204,대성건설,—,1000204,대성건설,대성건설 27인치 모니터 납품건,2025-10-23,모니터,MN-27Q,직판주문,5160000,12
OPP-2025-0469,트렌드,한국총괄 B2B유통그룹,경로1파트,2000088,동백시스템,부산광역시 해운대구 좌동순환로 12,1000425,미래로병원,미래로병원 32인치 모니터 납품건,2025-10-23,모니터,MN-32U,유통주문,3450000,5
OPP-2025-0470,트렌드,한국총괄 B2B유통그룹,경로1파트,2000088,동백시스템,부산광역시 해운대구 좌동순환로 12,1000642,서진리테일,서진리테일 노트북 PC 납품건,2025-10-24,PC,NB-i7P,유통주문,7700000,5
OPP-2025-0471,트렌드,한국총괄 B2B유통그룹,경로1파트,2000095,가야네트웍스,경상남도 김해시 분성로 221,1000311,한울종합건설,한울종합건설 18평형 에어컨 납품건,2025-10-24,에어컨,AC-18W,유통주문,3360000,3
OPP-2025-0472,선행영업,한국총괄 B2B영업그룹,직판2파트,1000538,세종교육재단,—,1000538,세종교육재단,세종교육재단 노트북 PC 납품건,2025-10-27,PC,NB-i7P,직판주문,12320000,8
OPP-2025-0473,트렌드,한국총괄 B2B영업그룹,직판2파트,1000538,세종교육재단,—,1000538,세종교육재단,세종교육재단 55인치 사이니지 납품건,2025-10-27,사이니지,SG-55C,직판주문,10560000,6
OPP-2025-0474,트렌드,한국총괄 B2B영업그룹,직판1파트,1000101,해솔호텔,—,1000101,해솔호텔,해솔호텔 18평형 에어컨 납품건,2025-10-27,에어컨,AC-18W,직판주문,2240000,2
OPP-2025-0475,트렌드,한국총괄 B2B유통그룹,경로1파트,2000088,동백시스템,부산광역시 해운대구 좌동순환로 12,1000425,미래로병원,미래로병원 27인치 모니터 납품건,2025-10-28,모니터,MN-27Q,유통주문,3440000,8
OPP-2025-0476,선행영업,한국총괄 B2B유통그룹,경로1파트,2000095,가야네트웍스,경상남도 김해시 분성로 221,1000538,세종교육재단,세종교육재단 55인치 사이니지 납품건,2025-10-28,사이니지,SG-55C,유통주문,7040000,4
OPP-2025-0477,트렌드,한국총괄 B2B유통그룹,경로1파트,2000095,가야네트웍스,경상남도 김해시 분성로 221,1000538,세종교육재단,세종교육재단 18평형 에어컨 납품건,2025-10-28,에어컨,AC-18W,유통주문,4480000,4
OPP-2025-0478,트렌드,한국총괄 B2B영업그룹,직판1파트,1000204,대성건설,—,1000204,대성건설,대성건설 43인치 사이니지 납품건,2025-10-29,사이니지,SG-43C,직판주문,1150000,1
OPP-2025-0479,트렌드,한국총괄 B2B유통그룹,경로1파트,2000088,동백시스템,부산광역시 해운대구 좌동순환로 12,1000642,서진리테일,서진리테일 55인치 사이니지 납품건,2025-10-29,사이니지,SG-55C,유통주문,7040000,4
OPP-2025-0480,트렌드,한국총괄 B2B유통그룹,경로1파트,2000088,동백시스템,부산광역시 해운대구 좌동순환로 12,1000642,서진리테일,서진리테일 43인치 사이니지 납품건,2025-10-29,사이니지,SG-43C,유통주문,1150000,1
OPP-2025-0481,선행영업,한국총괄 B2B영업그룹,직판2파트,1000425,미래로병원,—,1000425,미래로병원,미래로병원 55인치 TV 납품건,2025-10-30,TV,HX-55T,직판주문,2840000,2
OPP-2025-0482,선행영업,한국총괄 B2B유통그룹,경로1파트,2000088,동백시스템,부산광역시 해운대구 좌동순환로 12,1000425,미래로병원,미래로병원 32인치 모니터 납품건,2025-10-30,모니터,MN-32U,유통주문,8280000,12
OPP-2025-0483,트렌드,한국총괄 B2B유통그룹,경로1파트,2000088,동백시스템,부산광역시 해운대구 좌동순환로 12,1000642,서진리테일,서진리테일 데스크톱 PC 납품건,2025-10-30,PC,DP-i5N,유통주문,8900000,10
OPP-2025-0484,트렌드,한국총괄 B2B유통그룹,경로1파트,2000088,동백시스템,부산광역시 해운대구 좌동순환로 12,1000425,미래로병원,미래로병원 데스크톱 PC 납품건,2025-10-31,PC,DP-i5N,유통주문,4450000,5
OPP-2025-0485,트렌드,한국총괄 B2B영업그룹,직판1파트,1000311,한울종합건설,—,1000311,한울종합건설,한울종합건설 27인치 모니터 납품건,2025-10-31,모니터,MN-27Q,직판주문,2150000,5
OPP-2025-0486,트렌드,한국총괄 B2B영업그룹,직판1파트,1000101,해솔호텔,—,1000101,해솔호텔,해솔호텔 55인치 사이니지 납품건,2025-10-31,사이니지,SG-55C,직판주문,1760000,1
OPP-2025-0487,선행영업,한국총괄 B2B유통그룹,경로1파트,2000095,가야네트웍스,경상남도 김해시 분성로 221,1000311,한울종합건설,한울종합건설 27인치 모니터 납품건,2025-11-03,모니터,MN-27Q,유통주문,5160000,12
OPP-2025-0488,선행영업,한국총괄 B2B영업그룹,직판1파트,1000101,해솔호텔,—,1000101,해솔호텔,해솔호텔 65인치 TV 납품건,2025-11-03,TV,HX-65T,직판주문,31680000,16
OPP-2025-0489,선행영업,한국총괄 B2B유통그룹,경로1파트,2000071,남해정보통신,부산광역시 해운대구 센텀중앙로 45,1000311,한울종합건설,한울종합건설 18평형 에어컨 납품건,2025-11-04,에어컨,AC-18W,유통주문,2240000,2
OPP-2025-0490,선행영업,한국총괄 B2B유통그룹,경로1파트,2000095,가야네트웍스,경상남도 김해시 분성로 221,1000538,세종교육재단,세종교육재단 55인치 사이니지 납품건,2025-11-05,사이니지,SG-55C,유통주문,5280000,3
OPP-2025-0491,트렌드,한국총괄 B2B유통그룹,경로1파트,2000095,가야네트웍스,경상남도 김해시 분성로 221,1000538,세종교육재단,세종교육재단 27인치 모니터 납품건,2025-11-05,모니터,MN-27Q,유통주문,2150000,5
OPP-2025-0492,선행영업,한국총괄 B2B영업그룹,직판2파트,1000642,서진리테일,—,1000642,서진리테일,서진리테일 55인치 사이니지 납품건,2025-11-06,사이니지,SG-55C,직판주문,10560000,6
OPP-2025-0493,트렌드,한국총괄 B2B유통그룹,경로1파트,2000071,남해정보통신,부산광역시 해운대구 센텀중앙로 45,1000311,한울종합건설,한울종합건설 65인치 TV 납품건,2025-11-06,TV,HX-65T,유통주문,11880000,6
OPP-2025-0494,트렌드,한국총괄 B2B유통그룹,경로1파트,2000088,동백시스템,부산광역시 해운대구 좌동순환로 12,1000642,서진리테일,서진리테일 43인치 사이니지 납품건,2025-11-07,사이니지,SG-43C,유통주문,3450000,3
OPP-2025-0495,선행영업,한국총괄 B2B유통그룹,경로1파트,2000071,남해정보통신,부산광역시 해운대구 센텀중앙로 45,1000101,해솔호텔,해솔호텔 18평형 에어컨 납품건,2025-11-07,에어컨,AC-18W,유통주문,4480000,4
OPP-2025-0496,선행영업,한국총괄 B2B영업그룹,직판2파트,1000425,미래로병원,—,1000425,미래로병원,미래로병원 데스크톱 PC 납품건,2025-11-10,PC,DP-i5N,직판주문,4450000,5
OPP-2025-0497,트렌드,한국총괄 B2B유통그룹,경로1파트,2000088,동백시스템,부산광역시 해운대구 좌동순환로 12,1000642,서진리테일,서진리테일 18평형 에어컨 납품건,2025-11-10,에어컨,AC-18W,유통주문,3360000,3
OPP-2025-0498,트렌드,한국총괄 B2B영업그룹,직판1파트,1000101,해솔호텔,—,1000101,해솔호텔,해솔호텔 65인치 TV 납품건,2025-11-10,TV,BX-65S,직판주문,23400000,10
OPP-2025-0499,선행영업,한국총괄 B2B영업그룹,직판1파트,1000101,해솔호텔,—,1000101,해솔호텔,해솔호텔 55인치 TV 납품건,2025-11-11,TV,HX-55T,직판주문,8520000,6
OPP-2025-0500,트렌드,한국총괄 B2B유통그룹,경로1파트,2000071,남해정보통신,부산광역시 해운대구 센텀중앙로 45,1000204,대성건설,대성건설 55인치 사이니지 납품건,2025-11-12,사이니지,SG-55C,유통주문,5280000,3
OPP-2025-0501,선행영업,한국총괄 B2B영업그룹,직판1파트,1000101,해솔호텔,—,1000101,해솔호텔,해솔호텔 65인치 TV 납품건,2025-11-12,TV,HX-65T,직판주문,19800000,10
OPP-2025-0502,선행영업,한국총괄 B2B유통그룹,경로1파트,2000071,남해정보통신,부산광역시 해운대구 센텀중앙로 45,1000204,대성건설,대성건설 55인치 사이니지 납품건,2025-11-13,사이니지,SG-55C,유통주문,1760000,1
OPP-2025-0503,트렌드,한국총괄 B2B유통그룹,경로1파트,2000088,동백시스템,부산광역시 해운대구 좌동순환로 12,1000642,서진리테일,서진리테일 노트북 PC 납품건,2025-11-13,PC,NB-i7P,유통주문,23100000,15
OPP-2025-0504,트렌드,한국총괄 B2B유통그룹,경로1파트,2000095,가야네트웍스,경상남도 김해시 분성로 221,1000538,세종교육재단,세종교육재단 데스크톱 PC 납품건,2025-11-14,PC,DP-i5N,유통주문,4450000,5
OPP-2025-0505,트렌드,한국총괄 B2B유통그룹,경로1파트,2000095,가야네트웍스,경상남도 김해시 분성로 221,1000538,세종교육재단,세종교육재단 32인치 모니터 납품건,2025-11-14,모니터,MN-32U,유통주문,13800000,20
OPP-2025-0506,트렌드,한국총괄 B2B영업그룹,직판1파트,1000204,대성건설,—,1000204,대성건설,대성건설 18평형 에어컨 납품건,2025-11-17,에어컨,AC-18W,직판주문,6720000,6
OPP-2025-0507,트렌드,한국총괄 B2B영업그룹,직판2파트,1000642,서진리테일,—,1000642,서진리테일,서진리테일 업소용 청소기 납품건,2025-11-17,청소기,VC-20B,직판주문,2800000,10
OPP-2025-0508,트렌드,한국총괄 B2B영업그룹,직판1파트,1000311,한울종합건설,—,1000311,한울종합건설,한울종합건설 32인치 모니터 납품건,2025-11-17,모니터,MN-32U,직판주문,3450000,5
OPP-2025-0509,선행영업,한국총괄 B2B유통그룹,경로1파트,2000088,동백시스템,부산광역시 해운대구 좌동순환로 12,1000642,서진리테일,서진리테일 55인치 사이니지 납품건,2025-11-18,사이니지,SG-55C,유통주문,10560000,6
OPP-2025-0510,트렌드,한국총괄 B2B유통그룹,경로1파트,2000071,남해정보통신,부산광역시 해운대구 센텀중앙로 45,1000101,해솔호텔,해솔호텔 65인치 TV 납품건,2025-11-18,TV,HX-65T,유통주문,11880000,6
OPP-2025-0511,트렌드,한국총괄 B2B유통그룹,경로1파트,2000088,동백시스템,부산광역시 해운대구 좌동순환로 12,1000642,서진리테일,서진리테일 대용량 청소기 납품건,2025-11-19,청소기,VC-35H,유통주문,4600000,10
OPP-2025-0512,트렌드,한국총괄 B2B유통그룹,경로1파트,2000095,가야네트웍스,경상남도 김해시 분성로 221,1000538,세종교육재단,세종교육재단 노트북 PC 납품건,2025-11-19,PC,NB-i7P,유통주문,23100000,15
OPP-2025-0513,선행영업,한국총괄 B2B영업그룹,직판1파트,1000101,해솔호텔,—,1000101,해솔호텔,해솔호텔 65인치 TV 납품건,2025-11-19,TV,HX-65T,직판주문,31680000,16
OPP-2025-0514,선행영업,한국총괄 B2B유통그룹,경로1파트,2000088,동백시스템,부산광역시 해운대구 좌동순환로 12,1000642,서진리테일,서진리테일 18평형 에어컨 납품건,2025-11-20,에어컨,AC-18W,유통주문,3360000,3
OPP-2025-0515,트렌드,한국총괄 B2B유통그룹,경로1파트,2000088,동백시스템,부산광역시 해운대구 좌동순환로 12,1000642,서진리테일,서진리테일 대용량 청소기 납품건,2025-11-20,청소기,VC-35H,유통주문,4600000,10
OPP-2025-0516,선행영업,한국총괄 B2B유통그룹,경로1파트,2000088,동백시스템,부산광역시 해운대구 좌동순환로 12,1000642,서진리테일,서진리테일 55인치 사이니지 납품건,2025-11-21,사이니지,SG-55C,유통주문,1760000,1
OPP-2025-0517,트렌드,한국총괄 B2B유통그룹,경로1파트,2000095,가야네트웍스,경상남도 김해시 분성로 221,1000311,한울종합건설,한울종합건설 18평형 에어컨 납품건,2025-11-21,에어컨,AC-18W,유통주문,6720000,6
OPP-2025-0518,트렌드,한국총괄 B2B유통그룹,경로1파트,2000088,동백시스템,부산광역시 해운대구 좌동순환로 12,1000425,미래로병원,미래로병원 43인치 사이니지 납품건,2025-11-24,사이니지,SG-43C,유통주문,3450000,3
OPP-2025-0519,선행영업,한국총괄 B2B영업그룹,직판2파트,1000425,미래로병원,—,1000425,미래로병원,미래로병원 데스크톱 PC 납품건,2025-11-25,PC,DP-i5N,직판주문,17800000,20
OPP-2025-0520,트렌드,한국총괄 B2B유통그룹,경로1파트,2000095,가야네트웍스,경상남도 김해시 분성로 221,1000538,세종교육재단,세종교육재단 노트북 PC 납품건,2025-11-25,PC,NB-i7P,유통주문,7700000,5
OPP-2025-0521,트렌드,한국총괄 B2B영업그룹,직판1파트,1000311,한울종합건설,—,1000311,한울종합건설,한울종합건설 18평형 에어컨 납품건,2025-11-25,에어컨,AC-18W,직판주문,2240000,2
OPP-2025-0522,선행영업,한국총괄 B2B영업그룹,직판1파트,1000204,대성건설,—,1000204,대성건설,대성건설 55인치 TV 납품건,2025-11-26,TV,HX-55T,직판주문,22720000,16
OPP-2025-0523,트렌드,한국총괄 B2B영업그룹,직판1파트,1000204,대성건설,—,1000204,대성건설,대성건설 32인치 모니터 납품건,2025-11-26,모니터,MN-32U,직판주문,3450000,5
OPP-2025-0524,트렌드,한국총괄 B2B유통그룹,경로1파트,2000088,동백시스템,부산광역시 해운대구 좌동순환로 12,1000642,서진리테일,서진리테일 18평형 에어컨 납품건,2025-11-26,에어컨,AC-18W,유통주문,4480000,4
OPP-2025-0525,트렌드,한국총괄 B2B유통그룹,경로1파트,2000088,동백시스템,부산광역시 해운대구 좌동순환로 12,1000642,서진리테일,서진리테일 43인치 사이니지 납품건,2025-11-26,사이니지,SG-43C,유통주문,6900000,6
OPP-2025-0526,트렌드,한국총괄 B2B유통그룹,경로1파트,2000088,동백시스템,부산광역시 해운대구 좌동순환로 12,1000425,미래로병원,미래로병원 노트북 PC 납품건,2025-11-27,PC,NB-i7P,유통주문,7700000,5
OPP-2025-0527,트렌드,한국총괄 B2B유통그룹,경로1파트,2000095,가야네트웍스,경상남도 김해시 분성로 221,1000538,세종교육재단,세종교육재단 18평형 에어컨 납품건,2025-11-27,에어컨,AC-18W,유통주문,2240000,2
OPP-2025-0528,선행영업,한국총괄 B2B영업그룹,직판1파트,1000101,해솔호텔,—,1000101,해솔호텔,해솔호텔 55인치 TV 납품건,2025-11-27,TV,HX-55T,직판주문,2840000,2
OPP-2025-0529,선행영업,한국총괄 B2B영업그룹,직판2파트,1000425,미래로병원,—,1000425,미래로병원,미래로병원 65인치 TV 납품건,2025-11-28,TV,HX-65T,직판주문,31680000,16
OPP-2025-0530,트렌드,한국총괄 B2B유통그룹,경로1파트,2000095,가야네트웍스,경상남도 김해시 분성로 221,1000538,세종교육재단,세종교육재단 데스크톱 PC 납품건,2025-11-28,PC,DP-i5N,유통주문,4450000,5
OPP-2025-0531,트렌드,한국총괄 B2B유통그룹,경로1파트,2000095,가야네트웍스,경상남도 김해시 분성로 221,1000538,세종교육재단,세종교육재단 27인치 모니터 납품건,2025-11-28,모니터,MN-27Q,유통주문,8600000,20
OPP-2025-0532,선행영업,한국총괄 B2B영업그룹,직판1파트,1000311,한울종합건설,—,1000311,한울종합건설,한울종합건설 18평형 에어컨 납품건,2025-11-28,에어컨,AC-18W,직판주문,2240000,2
OPP-2025-0533,트렌드,한국총괄 B2B유통그룹,경로1파트,2000071,남해정보통신,부산광역시 해운대구 센텀중앙로 45,1000101,해솔호텔,해솔호텔 55인치 TV 납품건,2025-11-28,TV,HX-55T,유통주문,14200000,10
OPP-2025-0534,트렌드,한국총괄 B2B유통그룹,경로1파트,2000088,동백시스템,부산광역시 해운대구 좌동순환로 12,1000425,미래로병원,미래로병원 노트북 PC 납품건,2025-12-01,PC,NB-i7P,유통주문,30800000,20
OPP-2025-0535,트렌드,한국총괄 B2B영업그룹,직판1파트,1000311,한울종합건설,—,1000311,한울종합건설,한울종합건설 18평형 에어컨 납품건,2025-12-01,에어컨,AC-18W,직판주문,6720000,6
OPP-2025-0536,선행영업,한국총괄 B2B영업그룹,직판2파트,1000642,서진리테일,—,1000642,서진리테일,서진리테일 노트북 PC 납품건,2025-12-02,PC,NB-i7P,직판주문,15400000,10
OPP-2025-0537,트렌드,한국총괄 B2B유통그룹,경로1파트,2000071,남해정보통신,부산광역시 해운대구 센텀중앙로 45,1000101,해솔호텔,해솔호텔 55인치 사이니지 납품건,2025-12-02,사이니지,SG-55C,유통주문,10560000,6
OPP-2025-0538,선행영업,한국총괄 B2B영업그룹,직판2파트,1000425,미래로병원,—,1000425,미래로병원,미래로병원 데스크톱 PC 납품건,2025-12-03,PC,DP-i5N,직판주문,7120000,8
OPP-2025-0539,선행영업,한국총괄 B2B영업그룹,직판1파트,1000204,대성건설,—,1000204,대성건설,대성건설 18평형 에어컨 납품건,2025-12-04,에어컨,AC-18W,직판주문,4480000,4
OPP-2025-0540,트렌드,한국총괄 B2B영업그룹,직판2파트,1000425,미래로병원,—,1000425,미래로병원,미래로병원 노트북 PC 납품건,2025-12-05,PC,NB-i7P,직판주문,7700000,5
OPP-2025-0541,트렌드,한국총괄 B2B유통그룹,경로1파트,2000095,가야네트웍스,경상남도 김해시 분성로 221,1000538,세종교육재단,세종교육재단 32인치 모니터 납품건,2025-12-08,모니터,MN-32U,유통주문,13800000,20
OPP-2025-0542,트렌드,한국총괄 B2B영업그룹,직판1파트,1000101,해솔호텔,—,1000101,해솔호텔,해솔호텔 65인치 TV 납품건,2025-12-09,TV,HX-65T,직판주문,11880000,6
OPP-2025-0543,트렌드,한국총괄 B2B영업그룹,직판1파트,1000204,대성건설,—,1000204,대성건설,대성건설 65인치 TV 납품건,2025-12-10,TV,HX-65T,직판주문,19800000,10
OPP-2025-0544,트렌드,한국총괄 B2B유통그룹,경로1파트,2000095,가야네트웍스,경상남도 김해시 분성로 221,1000538,세종교육재단,세종교육재단 노트북 PC 납품건,2025-12-10,PC,NB-i7P,유통주문,23100000,15
OPP-2025-0545,트렌드,한국총괄 B2B영업그룹,직판1파트,1000204,대성건설,—,1000204,대성건설,대성건설 32인치 모니터 납품건,2025-12-11,모니터,MN-32U,직판주문,13800000,20
OPP-2025-0546,트렌드,한국총괄 B2B영업그룹,직판1파트,1000311,한울종합건설,—,1000311,한울종합건설,한울종합건설 55인치 TV 납품건,2025-12-11,TV,HX-55T,직판주문,14200000,10
OPP-2025-0547,선행영업,한국총괄 B2B유통그룹,경로1파트,2000095,가야네트웍스,경상남도 김해시 분성로 221,1000538,세종교육재단,세종교육재단 18평형 에어컨 납품건,2025-12-12,에어컨,AC-18W,유통주문,3360000,3
OPP-2025-0548,트렌드,한국총괄 B2B유통그룹,경로1파트,2000088,동백시스템,부산광역시 해운대구 좌동순환로 12,1000642,서진리테일,서진리테일 업소용 청소기 납품건,2025-12-15,청소기,VC-20B,유통주문,2800000,10
OPP-2025-0549,트렌드,한국총괄 B2B영업그룹,직판2파트,1000538,세종교육재단,—,1000538,세종교육재단,세종교육재단 43인치 사이니지 납품건,2025-12-16,사이니지,SG-43C,직판주문,3450000,3
OPP-2025-0550,선행영업,한국총괄 B2B유통그룹,경로1파트,2000071,남해정보통신,부산광역시 해운대구 센텀중앙로 45,1000311,한울종합건설,한울종합건설 55인치 사이니지 납품건,2025-12-16,사이니지,SG-55C,유통주문,10560000,6
OPP-2025-0551,트렌드,한국총괄 B2B영업그룹,직판1파트,1000101,해솔호텔,—,1000101,해솔호텔,해솔호텔 55인치 사이니지 납품건,2025-12-17,사이니지,SG-55C,직판주문,5280000,3
OPP-2025-0552,트렌드,한국총괄 B2B유통그룹,경로1파트,2000071,남해정보통신,부산광역시 해운대구 센텀중앙로 45,1000101,해솔호텔,해솔호텔 55인치 사이니지 납품건,2025-12-17,사이니지,SG-55C,유통주문,7040000,4
OPP-2025-0553,트렌드,한국총괄 B2B유통그룹,경로1파트,2000088,동백시스템,부산광역시 해운대구 좌동순환로 12,1000425,미래로병원,미래로병원 27인치 모니터 납품건,2025-12-18,모니터,MN-27Q,유통주문,2150000,5
OPP-2025-0554,트렌드,한국총괄 B2B영업그룹,직판1파트,1000101,해솔호텔,—,1000101,해솔호텔,해솔호텔 대용량 청소기 납품건,2025-12-18,청소기,VC-35H,직판주문,1840000,4
OPP-2025-0555,트렌드,한국총괄 B2B유통그룹,경로1파트,2000088,동백시스템,부산광역시 해운대구 좌동순환로 12,1000425,미래로병원,미래로병원 65인치 TV 납품건,2025-12-19,TV,BX-65S,유통주문,4680000,2
OPP-2025-0556,선행영업,한국총괄 B2B영업그룹,직판2파트,1000425,미래로병원,—,1000425,미래로병원,미래로병원 데스크톱 PC 납품건,2025-12-19,PC,DP-i5N,직판주문,8900000,10
OPP-2025-0557,선행영업,한국총괄 B2B유통그룹,경로1파트,2000088,동백시스템,부산광역시 해운대구 좌동순환로 12,1000642,서진리테일,서진리테일 43인치 사이니지 납품건,2025-12-19,사이니지,SG-43C,유통주문,2300000,2
OPP-2025-0558,선행영업,한국총괄 B2B영업그룹,직판1파트,1000204,대성건설,—,1000204,대성건설,대성건설 55인치 사이니지 납품건,2025-12-22,사이니지,SG-55C,직판주문,7040000,4
OPP-2025-0559,트렌드,한국총괄 B2B유통그룹,경로1파트,2000088,동백시스템,부산광역시 해운대구 좌동순환로 12,1000642,서진리테일,서진리테일 43인치 사이니지 납품건,2025-12-22,사이니지,SG-43C,유통주문,6900000,6
OPP-2025-0560,트렌드,한국총괄 B2B영업그룹,직판1파트,1000311,한울종합건설,—,1000311,한울종합건설,한울종합건설 18평형 에어컨 납품건,2025-12-23,에어컨,AC-18W,직판주문,4480000,4
OPP-2025-0561,트렌드,한국총괄 B2B영업그룹,직판2파트,1000425,미래로병원,—,1000425,미래로병원,미래로병원 65인치 TV 납품건,2025-12-24,TV,BX-65S,직판주문,9360000,4
OPP-2025-0562,트렌드,한국총괄 B2B영업그룹,직판1파트,1000204,대성건설,—,1000204,대성건설,대성건설 18평형 에어컨 납품건,2025-12-25,에어컨,AC-18W,직판주문,3360000,3
OPP-2025-0563,트렌드,한국총괄 B2B영업그룹,직판1파트,1000204,대성건설,—,1000204,대성건설,대성건설 55인치 사이니지 납품건,2025-12-25,사이니지,SG-55C,직판주문,10560000,6
OPP-2025-0564,트렌드,한국총괄 B2B영업그룹,직판1파트,1000204,대성건설,—,1000204,대성건설,대성건설 18평형 에어컨 납품건,2025-12-26,에어컨,AC-18W,직판주문,3360000,3
OPP-2025-0565,트렌드,한국총괄 B2B유통그룹,경로1파트,2000088,동백시스템,부산광역시 해운대구 좌동순환로 12,1000425,미래로병원,미래로병원 데스크톱 PC 납품건,2025-12-26,PC,DP-i5N,유통주문,8900000,10
OPP-2025-0566,트렌드,한국총괄 B2B영업그룹,직판1파트,1000204,대성건설,—,1000204,대성건설,대성건설 65인치 TV 납품건,2025-12-29,TV,HX-65T,직판주문,11880000,6
OPP-2025-0567,트렌드,한국총괄 B2B유통그룹,경로1파트,2000088,동백시스템,부산광역시 해운대구 좌동순환로 12,1000642,서진리테일,서진리테일 업소용 청소기 납품건,2025-12-29,청소기,VC-20B,유통주문,560000,2
OPP-2025-0568,트렌드,한국총괄 B2B유통그룹,경로1파트,2000095,가야네트웍스,경상남도 김해시 분성로 221,1000311,한울종합건설,한울종합건설 43인치 사이니지 납품건,2025-12-29,사이니지,SG-43C,유통주문,1150000,1
OPP-2025-0569,트렌드,한국총괄 B2B유통그룹,경로1파트,2000071,남해정보통신,부산광역시 해운대구 센텀중앙로 45,1000311,한울종합건설,한울종합건설 55인치 사이니지 납품건,2025-12-29,사이니지,SG-55C,유통주문,10560000,6
OPP-2025-0570,선행영업,한국총괄 B2B유통그룹,경로1파트,2000071,남해정보통신,부산광역시 해운대구 센텀중앙로 45,1000204,대성건설,대성건설 18평형 에어컨 납품건,2025-12-30,에어컨,AC-18W,유통주문,6720000,6
OPP-2025-0571,선행영업,한국총괄 B2B영업그룹,직판2파트,1000425,미래로병원,—,1000425,미래로병원,미래로병원 65인치 TV 납품건,2025-12-30,TV,BX-65S,직판주문,9360000,4
OPP-2025-0572,트렌드,한국총괄 B2B유통그룹,경로1파트,2000088,동백시스템,부산광역시 해운대구 좌동순환로 12,1000642,서진리테일,서진리테일 55인치 사이니지 납품건,2025-12-30,사이니지,SG-55C,유통주문,10560000,6
OPP-2025-0573,선행영업,한국총괄 B2B유통그룹,경로1파트,2000088,동백시스템,부산광역시 해운대구 좌동순환로 12,1000642,서진리테일,서진리테일 18평형 에어컨 납품건,2025-12-30,에어컨,AC-18W,유통주문,2240000,2
OPP-2025-0574,트렌드,한국총괄 B2B유통그룹,경로1파트,2000095,가야네트웍스,경상남도 김해시 분성로 221,1000538,세종교육재단,세종교육재단 43인치 사이니지 납품건,2025-12-30,사이니지,SG-43C,유통주문,4600000,4
OPP-2025-0575,트렌드,한국총괄 B2B영업그룹,직판2파트,1000642,서진리테일,—,1000642,서진리테일,서진리테일 55인치 사이니지 납품건,2025-12-31,사이니지,SG-55C,직판주문,10560000,6
OPP-2025-0576,트렌드,한국총괄 B2B유통그룹,경로1파트,2000088,동백시스템,부산광역시 해운대구 좌동순환로 12,1000642,서진리테일,서진리테일 55인치 사이니지 납품건,2025-12-31,사이니지,SG-55C,유통주문,1760000,1
OPP-2025-0577,트렌드,한국총괄 B2B영업그룹,직판2파트,1000538,세종교육재단,—,1000538,세종교육재단,세종교육재단 데스크톱 PC 납품건,2025-12-31,PC,DP-i5N,직판주문,4450000,5
OPP-2025-0578,트렌드,한국총괄 B2B유통그룹,경로1파트,2000095,가야네트웍스,경상남도 김해시 분성로 221,1000311,한울종합건설,한울종합건설 55인치 사이니지 납품건,2025-12-31,사이니지,SG-55C,유통주문,3520000,2
OPP-2026-0001,선행영업,한국총괄 B2B영업그룹,직판1파트,1000204,대성건설,—,1000204,대성 건설,대성건설 55인치 사이니지 납품건,2026-01-01,사이니지,SG-55C,직판주문,1760000,1
OPP-2026-0002,선행영업,한국총괄 B2B유통그룹,경로1파트,2000088,동백시스템,부산광역시 해운대구 좌동순환로 12,1000642,서진리테일,서진리테일 55인치 사이니지 납품건,2026-01-01,사이니지,SG-55C,유통주문,3520000,2
OPP-2026-0003,트렌드,한국총괄 B2B유통그룹,경로1파트,2000095,가야네트웍스,경상남도 김해시 분성로 221,1000311,한울종합건설,한울종합건설 18평형 에어컨 납품건,2026-01-01,에어컨,AC-18W,유통주문,6720000,6
OPP-2026-0004,트렌드,한국총괄 B2B유통그룹,경로1파트,2000095,가야네트웍스,경상남도 김해시 분성로 221,1000538,세종교육재단,세종교육재단 노트북 PC 납품건,2026-01-02,PC,NB-i7P,유통주문,30800000,20
OPP-2026-0005,선행영업,한국총괄 B2B유통그룹,경로1파트,2000088,동백시스템,부산광역시 해운대구 좌동순환로 12,1000425,미래로병원,미래로병원 43인치 사이니지 납품건,2026-01-05,사이니지,SG-43C,유통주문,1150000,1
OPP-2026-0006,트렌드,한국총괄 B2B유통그룹,경로1파트,2000095,가야네트웍스,경상남도 김해시 분성로 221,1000538,세종교육재단,세종교육재단 43인치 사이니지 납품건,2026-01-05,사이니지,SG-43C,유통주문,2300000,2
OPP-2026-0007,트렌드,한국총괄 B2B영업그룹,직판1파트,1000101,해솔호텔,—,1000101,해솔호텔,해솔호텔 55인치 사이니지 납품건,2026-01-05,사이니지,SG-55C,직판주문,5280000,3
OPP-2026-0008,트렌드,한국총괄 B2B유통그룹,경로1파트,2000071,남해정보통신,부산광역시 해운대구 센텀중앙로 45,1000204,대성건설,대성건설 55인치 사이니지 납품건,2026-01-06,사이니지,SG-55C,유통주문,3520000,2
OPP-2026-0009,트렌드,한국총괄 B2B영업그룹,직판2파트,1000425,미래로병원,—,1000425,미래로병원,미래로병원 55인치 TV 납품건,2026-01-06,TV,HX-55T,직판주문,5680000,4
OPP-2026-0010,트렌드,한국총괄 B2B영업그룹,직판2파트,1000425,미래로병원,—,1000425,미래로병원,미래로병원 55인치 TV 납품건,2026-01-07,TV,HX-55T,직판주문,8520000,6
OPP-2026-0011,트렌드,한국총괄 B2B유통그룹,경로1파트,2000088,동백시스템,부산광역시 해운대구 좌동순환로 12,1000642,서진리테일,서진리테일 55인치 사이니지 납품건,2026-01-08,사이니지,SG-55C,유통주문,7040000,4
OPP-2026-0012,선행영업,한국총괄 B2B영업그룹,직판2파트,1000642,서진리테일,—,1000642,서진리테일,서진리테일 55인치 사이니지 납품건,2026-01-08,사이니지,SG-55C,직판주문,3520000,2
OPP-2026-0013,트렌드,한국총괄 B2B영업그룹,직판1파트,1000101,해솔호텔,—,1000101,해솔호텔,해솔호텔 65인치 TV 납품건,2026-01-08,TV,BX-65S,직판주문,37440000,16
OPP-2026-0014,트렌드,한국총괄 B2B유통그룹,경로1파트,2000088,동백시스템,부산광역시 해운대구 좌동순환로 12,1000425,미래로병원,미래로병원 27인치 모니터 납품건,2026-01-09,모니터,MN-27Q,유통주문,5160000,12
OPP-2026-0015,선행영업,한국총괄 B2B영업그룹,직판2파트,1000538,세종교육재단,—,1000538,세종교육재단,세종교육재단 노트북 PC 납품건,2026-01-09,PC,NB-i7P,직판주문,30800000,20
OPP-2026-0016,선행영업,한국총괄 B2B유통그룹,경로1파트,2000095,가야네트웍스,경상남도 김해시 분성로 221,1000538,세종교육재단,세종교육재단 32인치 모니터 납품건,2026-01-09,모니터,MN-32U,유통주문,3450000,5
OPP-2026-0017,선행영업,한국총괄 B2B영업그룹,직판1파트,1000204,대성건설,—,1000204,대성건설,대성건설 18평형 에어컨 납품건,2026-01-12,에어컨,AC-18W,직판주문,3360000,3
OPP-2026-0018,트렌드,한국총괄 B2B영업그룹,직판2파트,1000425,미래로병원,—,1000425,미래로병원,미래로병원 32인치 모니터 납품건,2026-01-12,모니터,MN-32U,직판주문,13800000,20
OPP-2026-0019,선행영업,한국총괄 B2B영업그룹,직판1파트,1000204,대성건설,—,1000204,대성건설,대성건설 43인치 사이니지 납품건,2026-01-13,사이니지,SG-43C,직판주문,6900000,6
OPP-2026-0020,트렌드,한국총괄 B2B영업그룹,직판2파트,1000538,세종교육재단,—,1000538,세종교육재단,세종교육재단 32인치 모니터 납품건,2026-01-13,모니터,MN-32U,직판주문,3450000,5
OPP-2026-0021,트렌드,한국총괄 B2B영업그룹,직판1파트,1000204,대성건설,—,1000204,대성건설,대성건설 43인치 사이니지 납품건,2026-01-14,사이니지,SG-43C,직판주문,2300000,2
OPP-2026-0022,트렌드,한국총괄 B2B영업그룹,직판1파트,1000204,대성건설,—,1000204,대성건설,대성건설 27인치 모니터 납품건,2026-01-14,모니터,MN-27Q,직판주문,3440000,8
OPP-2026-0023,선행영업,한국총괄 B2B유통그룹,경로1파트,2000071,남해정보통신,부산광역시 해운대구 센텀중앙로 45,1000101,해솔호텔,해솔호텔 65인치 TV 납품건,2026-01-14,TV,HX-65T,유통주문,19800000,10
OPP-2026-0024,트렌드,한국총괄 B2B영업그룹,직판1파트,1000204,대성건설,—,1000204,대성건설,대성건설 18평형 에어컨 납품건,2026-01-15,에어컨,AC-18W,직판주문,4480000,4
OPP-2026-0025,트렌드,한국총괄 B2B영업그룹,직판1파트,1000311,한울종합건설,—,1000311,한울종합건설,한울종합건설 32인치 모니터 납품건,2026-01-15,모니터,MN-32U,직판주문,3450000,5
OPP-2026-0026,트렌드,한국총괄 B2B유통그룹,경로1파트,2000071,남해정보통신,부산광역시 해운대구 센텀중앙로 45,1000311,한울종합건설,한울종합건설 43인치 사이니지 납품건,2026-01-15,사이니지,SG-43C,유통주문,1150000,1
OPP-2026-0027,트렌드,한국총괄 B2B영업그룹,직판2파트,1000425,미래로병원,—,1000425,미래로병원,미래로병원 32인치 모니터 납품건,2026-01-16,모니터,MN-32U,직판주문,3450000,5
OPP-2026-0028,트렌드,한국총괄 B2B유통그룹,경로1파트,2000071,남해정보통신,부산광역시 해운대구 센텀중앙로 45,1000311,한울종합건설,한울종합건설 43인치 사이니지 납품건,2026-01-16,사이니지,SG-43C,유통주문,6900000,6
OPP-2026-0029,선행영업,한국총괄 B2B유통그룹,경로1파트,2000088,동백시스템,부산광역시 해운대구 좌동순환로 12,1000642,서진리테일,서진리테일 55인치 사이니지 납품건,2026-01-19,사이니지,SG-55C,유통주문,1760000,1
OPP-2026-0030,트렌드,한국총괄 B2B영업그룹,직판2파트,1000538,세종교육재단,—,1000538,세종교육재단,세종교육재단 노트북 PC 납품건,2026-01-19,PC,NB-i7P,직판주문,7700000,5
OPP-2026-0031,트렌드,한국총괄 B2B영업그룹,직판1파트,1000311,한울종합건설,—,1000311,한울종합건설,한울종합건설 18평형 에어컨 납품건,2026-01-20,에어컨,AC-18W,직판주문,6720000,6
OPP-2026-0032,선행영업,한국총괄 B2B영업그룹,직판1파트,1000101,해솔호텔,—,1000101,해솔호텔,해솔호텔 43인치 사이니지 납품건,2026-01-20,사이니지,SG-43C,직판주문,6900000,6
OPP-2026-0033,트렌드,한국총괄 B2B영업그룹,직판1파트,1000204,대성건설,—,1000204,대성건설,대성건설 43인치 사이니지 납품건,2026-01-21,사이니지,SG-43C,직판주문,3450000,3
OPP-2026-0034,선행영업,한국총괄 B2B영업그룹,직판1파트,1000101,해솔호텔,—,1000101,해솔호텔,해솔호텔 43인치 사이니지 납품건,2026-01-21,사이니지,SG-43C,직판주문,4600000,4
OPP-2026-0035,트렌드,한국총괄 B2B영업그룹,직판1파트,1000101,해솔호텔,—,1000101,해솔호텔,해솔호텔 대용량 청소기 납품건,2026-01-21,청소기,VC-35H,직판주문,920000,2
OPP-2026-0036,트렌드,한국총괄 B2B영업그룹,직판1파트,1000204,대성건설,—,1000204,대성건설,대성건설 18평형 에어컨 납품건,2026-01-22,에어컨,AC-18W,직판주문,2240000,2
OPP-2026-0037,트렌드,한국총괄 B2B영업그룹,직판1파트,1000204,대성건설,—,1000204,대성건설,대성건설 43인치 사이니지 납품건,2026-01-22,사이니지,SG-43C,직판주문,2300000,2
OPP-2026-0038,트렌드,한국총괄 B2B유통그룹,경로1파트,2000088,동백시스템,부산광역시 해운대구 좌동순환로 12,1000425,미래로병원,미래로병원 노트북 PC 납품건,2026-01-22,PC,NB-i7P,유통주문,30800000,20
OPP-2026-0039,트렌드,한국총괄 B2B영업그룹,직판1파트,1000204,대성건설,—,1000204,대성건설,대성건설 55인치 사이니지 납품건,2026-01-23,사이니지,SG-55C,직판주문,1760000,1
OPP-2026-0040,선행영업,한국총괄 B2B유통그룹,경로1파트,2000071,남해정보통신,부산광역시 해운대구 센텀중앙로 45,1000311,한울종합건설,한울종합건설 18평형 에어컨 납품건,2026-01-23,에어컨,AC-18W,유통주문,4480000,4
OPP-2026-0041,트렌드,한국총괄 B2B유통그룹,경로1파트,2000088,동백시스템,부산광역시 해운대구 좌동순환로 12,1000425,미래로병원,미래로병원 32인치 모니터 납품건,2026-01-26,모니터,MN-32U,유통주문,5520000,8
OPP-2026-0042,선행영업,한국총괄 B2B유통그룹,경로1파트,2000088,동백시스템,부산광역시 해운대구 좌동순환로 12,1000642,서진리테일,서진리테일 노트북 PC 납품건,2026-01-26,PC,NB-i7P,유통주문,23100000,15
OPP-2026-0043,트렌드,한국총괄 B2B유통그룹,경로1파트,2000088,동백시스템,부산광역시 해운대구 좌동순환로 12,1000642,서진리테일,서진리테일 55인치 사이니지 납품건,2026-01-26,사이니지,SG-55C,유통주문,1760000,1
OPP-2026-0044,선행영업,한국총괄 B2B유통그룹,경로1파트,2000095,가야네트웍스,경상남도 김해시 분성로 221,1000311,한울종합건설,한울종합건설 18평형 에어컨 납품건,2026-01-26,에어컨,AC-18W,유통주문,6720000,6
OPP-2026-0045,트렌드,한국총괄 B2B유통그룹,경로1파트,2000071,남해정보통신,부산광역시 해운대구 센텀중앙로 45,1000204,대성건설,대성건설 55인치 사이니지 납품건,2026-01-27,사이니지,SG-55C,유통주문,7040000,4
OPP-2026-0046,트렌드,한국총괄 B2B유통그룹,경로1파트,2000071,남해정보통신,부산광역시 해운대구 센텀중앙로 45,1000311,한울종합건설,한울종합건설 43인치 사이니지 납품건,2026-01-27,사이니지,SG-43C,유통주문,6900000,6
OPP-2026-0047,트렌드,한국총괄 B2B영업그룹,직판1파트,1000204,대성건설,—,1000204,대성건설,대성건설 32인치 모니터 납품건,2026-01-28,모니터,MN-32U,직판주문,3450000,5
OPP-2026-0048,선행영업,한국총괄 B2B유통그룹,경로1파트,2000095,가야네트웍스,경상남도 김해시 분성로 221,1000538,세종교육재단,세종교육재단 노트북 PC 납품건,2026-01-28,PC,NB-i7P,유통주문,12320000,8
OPP-2026-0049,트렌드,한국총괄 B2B영업그룹,직판1파트,1000311,한울종합건설,—,1000311,한울종합건설,한울종합건설 65인치 TV 납품건,2026-01-28,TV,BX-65S,직판주문,4680000,2
OPP-2026-0050,선행영업,한국총괄 B2B영업그룹,직판1파트,1000204,대성건설,—,1000204,대성건설,대성건설 18평형 에어컨 납품건,2026-01-29,에어컨,AC-18W,직판주문,4480000,4
OPP-2026-0051,선행영업,한국총괄 B2B영업그룹,직판1파트,1000204,대성건설,—,1000204,대성건설,대성건설 18평형 에어컨 납품건,2026-01-29,에어컨,AC-18W,직판주문,4480000,4
OPP-2026-0052,트렌드,한국총괄 B2B영업그룹,직판2파트,1000425,미래로병원,—,1000425,미래로병원,미래로병원 노트북 PC 납품건,2026-01-29,PC,NB-i7P,직판주문,12320000,8
OPP-2026-0053,선행영업,한국총괄 B2B영업그룹,직판1파트,1000311,한울종합건설,—,1000311,한울종합건설,한울종합건설 18평형 에어컨 납품건,2026-01-29,에어컨,AC-18W,직판주문,2240000,2
OPP-2026-0054,트렌드,한국총괄 B2B유통그룹,경로1파트,2000071,남해정보통신,부산광역시 해운대구 센텀중앙로 45,1000204,대성건설,대성건설 27인치 모니터 납품건,2026-01-30,모니터,MN-27Q,유통주문,8600000,20
OPP-2026-0055,트렌드,한국총괄 B2B영업그룹,직판2파트,1000425,미래로병원,—,1000425,미래로병원,미래로병원 55인치 사이니지 납품건,2026-01-30,사이니지,SG-55C,직판주문,10560000,6
OPP-2026-0056,트렌드,한국총괄 B2B유통그룹,경로1파트,2000095,가야네트웍스,경상남도 김해시 분성로 221,1000311,한울종합건설,한울종합건설 55인치 사이니지 납품건,2026-01-30,사이니지,SG-55C,유통주문,3520000,2
OPP-2026-0057,선행영업,한국총괄 B2B유통그룹,경로1파트,2000095,가야네트웍스,경상남도 김해시 분성로 221,1000311,한울종합건설,한울종합건설 65인치 TV 납품건,2026-01-30,TV,BX-65S,유통주문,9360000,4
OPP-2026-0058,선행영업,한국총괄 B2B영업그룹,직판1파트,1000101,해솔호텔,—,1000101,해솔호텔,해솔호텔 55인치 사이니지 납품건,2026-01-30,사이니지,SG-55C,직판주문,3520000,2
OPP-2026-0059,트렌드,한국총괄 B2B유통그룹,경로1파트,2000071,남해정보통신,부산광역시 해운대구 센텀중앙로 45,1000204,대성건설,대성건설 32인치 모니터 납품건,2026/02/02,모니터,MN-32U,유통주문,3450000,5
OPP-2026-0060,선행영업,한국총괄 B2B유통그룹,경로1파트,2000095,가야네트웍스,경상남도 김해시 분성로 221,1000538,세종교육재단,세종교육재단 55인치 사이니지 납품건,2026-02-02,사이니지,SG-55C,유통주문,10560000,6
OPP-2026-0061,선행영업,한국총괄 B2B영업그룹,직판2파트,1000538,세종교육재단,—,1000538,세종교육재단,세종교육재단 데스크톱 PC 납품건,2026-02-02,PC,DP-i5N,직판주문,7120000,8
OPP-2026-0062,트렌드,한국총괄 B2B유통그룹,경로1파트,2000088,동백시스템,부산광역시 해운대구 좌동순환로 12,1000425,미래로병원,미래로병원 27인치 모니터 납품건,2026-02-03,모니터,MN-27Q,유통주문,8600000,20
OPP-2026-0063,트렌드,한국총괄 B2B유통그룹,경로1파트,2000088,동백시스템,부산광역시 해운대구 좌동순환로 12,1000642,서진리테일,서진리테일 데스크톱 PC 납품건,2026-02-03,PC,DP-i5N,유통주문,7120000,8
OPP-2026-0064,트렌드,한국총괄 B2B유통그룹,경로1파트,2000088,동백시스템,부산광역시 해운대구 좌동순환로 12,1000642,서진리테일,서진리테일 대용량 청소기 납품건,2026-02-03,청소기,VC-35H,유통주문,920000,2
OPP-2026-0065,트렌드,한국총괄 B2B영업그룹,직판1파트,1000204,대성건설,—,1000204,대성건설,대성건설 55인치 사이니지 납품건,2026-02-04,사이니지,SG-55C,직판주문,5280000,3
OPP-2026-0066,트렌드,한국총괄 B2B유통그룹,경로1파트,2000088,동백시스템,부산광역시 해운대구 좌동순환로 12,1000642,서진리테일,서진리테일 데스크톱 PC 납품건,2026-02-04,PC,DP-i5N,유통주문,7120000,8
OPP-2026-0067,트렌드,한국총괄 B2B영업그룹,직판1파트,1000101,해솔호텔,—,1000101,해솔호텔,해솔호텔 43인치 사이니지 납품건,2026-02-04,사이니지,SG-43C,직판주문,1150000,1
OPP-2026-0068,트렌드,한국총괄 B2B영업그룹,직판2파트,1000538,세종교육재단,—,1000538,세종교육재단,세종교육재단 노트북 PC 납품건,2026-02-05,PC,NB-i7P,직판주문,7700000,5
OPP-2026-0069,선행영업,한국총괄 B2B영업그룹,직판1파트,1000101,해솔호텔,—,1000101,해솔호텔,해솔호텔 55인치 사이니지 납품건,2026-02-05,사이니지,SG-55C,직판주문,3520000,2
OPP-2026-0070,트렌드,한국총괄 B2B영업그룹,직판1파트,1000204,대성건설,—,1000204,대성건설,대성건설 55인치 사이니지 납품건,2026-02-06,사이니지,SG-55C,직판주문,3520000,2
OPP-2026-0071,트렌드,한국총괄 B2B유통그룹,경로1파트,2000088,동백시스템,부산광역시 해운대구 좌동순환로 12,1000425,미래로병원,미래로병원 55인치 TV 납품건,2026-02-06,TV,HX-55T,유통주문,8520000,6
OPP-2026-0072,트렌드,한국총괄 B2B유통그룹,경로1파트,2000071,남해정보통신,부산광역시 해운대구 센텀중앙로 45,1000101,해솔호텔,해솔호텔 43인치 사이니지 납품건,2026-02-06,사이니지,SG-43C,유통주문,3450000,3
OPP-2026-0073,트렌드,한국총괄 B2B영업그룹,직판2파트,1000425,미래로병원,—,1000425,미래로병원,미래로병원 43인치 사이니지 납품건,2026-02-09,사이니지,SG-43C,직판주문,3450000,3
OPP-2026-0074,트렌드,한국총괄 B2B유통그룹,경로1파트,2000071,남해정보통신,부산광역시 해운대구 센텀중앙로 45,1000101,해솔호텔,해솔호텔 43인치 사이니지 납품건,2026-02-09,사이니지,SG-43C,유통주문,3450000,3
OPP-2026-0075,트렌드,한국총괄 B2B유통그룹,경로1파트,2000088,동백시스템,부산광역시 해운대구 좌동순환로 12,1000642,서진리테일,서진리테일 43인치 사이니지 납품건,2026-02-10,사이니지,SG-43C,유통주문,6900000,6
OPP-2026-0076,선행영업,한국총괄 B2B유통그룹,경로1파트,2000088,동백시스템,부산광역시 해운대구 좌동순환로 12,1000425,미래로병원,미래로병원 데스크톱 PC 납품건,2026-02-11,PC,DP-i5N,유통주문,13350000,15
OPP-2026-0077,트렌드,한국총괄 B2B유통그룹,경로1파트,2000088,동백시스템,부산광역시 해운대구 좌동순환로 12,1000425,미래로병원,미래로병원 32인치 모니터 납품건,2026-02-11,모니터,MN-32U,유통주문,3450000,5
OPP-2026-0078,트렌드,한국총괄 B2B영업그룹,직판1파트,1000311,한울종합건설,—,1000311,한울종합건설,한울종합건설 32인치 모니터 납품건,2026-02-11,모니터,MN-32U,직판주문,5520000,8
OPP-2026-0079,선행영업,한국총괄 B2B영업그룹,직판1파트,1000101,해솔호텔,—,1000101,해솔호텔,해솔호텔 55인치 사이니지 납품건,2026-02-11,사이니지,SG-55C,직판주문,3520000,2
OPP-2026-0080,트렌드,한국총괄 B2B유통그룹,경로1파트,2000088,동백시스템,부산광역시 해운대구 좌동순환로 12,1000425,미래로병원,미래로병원 55인치 TV 납품건,2026-02-12,TV,HX-55T,유통주문,8520000,6
OPP-2026-0081,선행영업,한국총괄 B2B유통그룹,경로1파트,2000071,남해정보통신,부산광역시 해운대구 센텀중앙로 45,1000311,한울종합건설,한울종합건설 18평형 에어컨 납품건,2026-02-12,에어컨,AC-18W,유통주문,6720000,6
OPP-2026-0082,트렌드,한국총괄 B2B유통그룹,경로1파트,2000071,남해정보통신,부산광역시 해운대구 센텀중앙로 45,1000101,해솔호텔,해솔호텔 55인치 TV 납품건,2026-02-12,TV,HX-55T,유통주문,22720000,16
OPP-2026-0083,트렌드,한국총괄 B2B유통그룹,경로1파트,2000088,동백시스템,부산광역시 해운대구 좌동순환로 12,1000425,미래로병원,미래로병원 32인치 모니터 납품건,2026-02-13,모니터,MN-32U,유통주문,3450000,5
OPP-2026-0084,트렌드,한국총괄 B2B유통그룹,경로1파트,2000071,남해정보통신,부산광역시 해운대구 센텀중앙로 45,1000311,한울종합건설,한울종합건설 55인치 TV 납품건,2026-02-13,TV,HX-55T,유통주문,8520000,6
OPP-2026-0085,트렌드,한국총괄 B2B유통그룹,경로1파트,2000095,가야네트웍스,경상남도 김해시 분성로 221,1000311,한울종합건설,한울종합건설 32인치 모니터 납품건,2026-02-13,모니터,MN-32U,유통주문,3450000,5
OPP-2026-0086,트렌드,한국총괄 B2B유통그룹,경로1파트,2000095,가야네트웍스,경상남도 김해시 분성로 221,1000538,세종교육재단,세종교육재단 43인치 사이니지 납품건,2026-02-16,사이니지,SG-43C,유통주문,3450000,3
OPP-2026-0087,선행영업,한국총괄 B2B유통그룹,경로1파트,2000071,남해정보통신,부산광역시 해운대구 센텀중앙로 45,1000311,한울종합건설,한울종합건설 43인치 사이니지 납품건,2026-02-16,사이니지,SG-43C,유통주문,2300000,2
OPP-2026-0088,선행영업,한국총괄 B2B유통그룹,경로1파트,2000071,남해정보통신,부산광역시 해운대구 센텀중앙로 45,1000311,한울종합건설,한울종합건설 65인치 TV 납품건,2026-02-17,TV,HX-65T,유통주문,19800000,10
OPP-2026-0089,트렌드,한국총괄 B2B유통그룹,경로1파트,2000071,남해정보통신,부산광역시 해운대구 센텀중앙로 45,1000101,해솔호텔,해솔호텔 55인치 사이니지 납품건,2026-02-18,사이니지,SG-55C,유통주문,3520000,2
OPP-2026-0090,트렌드,한국총괄 B2B영업그룹,직판1파트,1000101,해솔호텔,—,1000101,해솔호텔,해솔호텔 55인치 TV 납품건,2026-02-18,TV,HX-55T,직판주문,22720000,16
OPP-2026-0091,트렌드,한국총괄 B2B영업그룹,직판2파트,1000425,미래로병원,—,1000425,미래로병원,미래로병원 55인치 사이니지 납품건,2026-02-19,사이니지,SG-55C,직판주문,3520000,2
OPP-2026-0092,선행영업,한국총괄 B2B유통그룹,경로1파트,2000088,동백시스템,부산광역시 해운대구 좌동순환로 12,1000425,미래로병원,미래로병원 43인치 사이니지 납품건,2026-02-20,사이니지,SG-43C,유통주문,4600000,4
OPP-2026-0093,트렌드,한국총괄 B2B유통그룹,경로1파트,2000088,동백시스템,부산광역시 해운대구 좌동순환로 12,1000642,서진리테일,서진리테일 43인치 사이니지 납품건,2026-02-20,사이니지,SG-43C,유통주문,2300000,2
OPP-2026-0094,트렌드,한국총괄 B2B유통그룹,경로1파트,2000095,가야네트웍스,경상남도 김해시 분성로 221,1000538,세종교육재단,세종교육재단 노트북 PC 납품건,2026-02-20,PC,NB-i7P,유통주문,15400000,10
OPP-2026-0095,트렌드,한국총괄 B2B영업그룹,직판2파트,1000425,미래로병원,—,1000425,미래로병원,미래로병원 65인치 TV 납품건,2026-02-23,TV,HX-65T,직판주문,31680000,16
OPP-2026-0096,트렌드,한국총괄 B2B유통그룹,경로1파트,2000071,남해정보통신,부산광역시 해운대구 센텀중앙로 45,1000204,대성건설,대성건설 27인치 모니터 납품건,2026-02-24,모니터,MN-27Q,유통주문,8600000,20
OPP-2026-0097,트렌드,한국총괄 B2B영업그룹,직판1파트,1000101,해솔호텔,—,1000101,해솔호텔,해솔호텔 65인치 TV 납품건,2026-02-24,TV,HX-65T,직판주문,19800000,10
OPP-2026-0098,트렌드,한국총괄 B2B영업그룹,직판1파트,1000204,대성건설,—,1000204,대성건설,대성건설 55인치 TV 납품건,2026-02-25,TV,HX-55T,직판주문,5680000,4
OPP-2026-0099,트렌드,한국총괄 B2B영업그룹,직판1파트,1000204,대성건설,—,1000204,대성건설,대성건설 65인치 TV 납품건,2026-02-25,TV,HX-65T,직판주문,3960000,2
OPP-2026-0100,선행영업,한국총괄 B2B영업그룹,직판1파트,1000204,대성건설,—,1000204,대성건설,대성건설 55인치 사이니지 납품건,2026-02-25,사이니지,SG-55C,직판주문,1760000,1
OPP-2026-0101,트렌드,한국총괄 B2B유통그룹,경로1파트,2000088,동백시스템,부산광역시 해운대구 좌동순환로 12,1000642,서진리테일,서진리테일 업소용 청소기 납품건,2026-02-25,청소기,VC-20B,유통주문,1680000,6
OPP-2026-0102,트렌드,한국총괄 B2B영업그룹,직판1파트,1000311,한울종합건설,—,1000311,한울종합건설,한울종합건설 55인치 사이니지 납품건,2026-02-25,사이니지,SG-55C,직판주문,3520000,2
OPP-2026-0103,트렌드,한국총괄 B2B영업그룹,직판1파트,1000204,대성건설,—,1000204,대성건설,대성건설 55인치 사이니지 납품건,2026-02-26,사이니지,SG-55C,직판주문,7040000,4
OPP-2026-0104,선행영업,한국총괄 B2B영업그룹,직판1파트,1000204,대성건설,—,1000204,대성건설,대성건설 55인치 TV 납품건,2026-02-26,TV,HX-55T,직판주문,2840000,2
OPP-2026-0105,트렌드,한국총괄 B2B유통그룹,경로1파트,2000088,동백시스템,부산광역시 해운대구 좌동순환로 12,1000642,서진리테일,서진리테일 55인치 사이니지 납품건,2026-02-26,사이니지,SG-55C,유통주문,1760000,1
OPP-2026-0106,선행영업,한국총괄 B2B유통그룹,경로1파트,2000088,동백시스템,부산광역시 해운대구 좌동순환로 12,1000642,서진리테일,서진리테일 데스크톱 PC 납품건,2026-02-26,PC,DP-i5N,유통주문,13350000,15
OPP-2026-0107,트렌드,한국총괄 B2B유통그룹,경로1파트,2000095,가야네트웍스,경상남도 김해시 분성로 221,1000538,세종교육재단,세종교육재단 데스크톱 PC 납품건,2026-02-26,PC,DP-i5N,유통주문,13350000,15
OPP-2026-0108,트렌드,한국총괄 B2B영업그룹,직판1파트,1000101,해솔호텔,—,1000101,해솔호텔,해솔호텔 65인치 TV 납품건,2026-02-26,TV,BX-65S,직판주문,4680000,2
OPP-2026-0109,트렌드,한국총괄 B2B영업그룹,직판2파트,1000425,미래로병원,—,1000425,미래로병원,미래로병원 55인치 TV 납품건,2026-02-27,TV,HX-55T,직판주문,14200000,10
OPP-2026-0110,선행영업,한국총괄 B2B유통그룹,경로1파트,2000088,동백시스템,부산광역시 해운대구 좌동순환로 12,1000642,서진리테일,서진리테일 55인치 사이니지 납품건,2026-02-27,사이니지,SG-55C,유통주문,10560000,6
OPP-2026-0111,선행영업,한국총괄 B2B유통그룹,경로1파트,2000095,가야네트웍스,경상남도 김해시 분성로 221,1000311,한울종합건설,한울종합건설 43인치 사이니지 납품건,2026-02-27,사이니지,SG-43C,유통주문,2300000,2
OPP-2026-0112,트렌드,한국총괄 B2B유통그룹,경로1파트,2000071,남해정보통신,부산광역시 해운대구 센텀중앙로 45,1000101,해솔호텔,해솔호텔 업소용 청소기 납품건,2026-02-27,청소기,VC-20B,유통주문,1680000,6
OPP-2026-0113,선행영업,한국총괄 B2B영업그룹,직판2파트,1000425,미래로병원,—,1000425,미래로병원,미래로병원 55인치 사이니지 납품건,2026-03-02,사이니지,SG-55C,직판주문,1760000,1
OPP-2026-0114,선행영업,한국총괄 B2B유통그룹,경로1파트,2000071,남해정보통신,부산광역시 해운대구 센텀중앙로 45,1000311,한울종합건설,한울종합건설 43인치 사이니지 납품건,2026-03-02,사이니지,SG-43C,유통주문,6900000,6
OPP-2026-0115,트렌드,한국총괄 B2B영업그룹,직판2파트,1000425,미래로병원,—,1000425,미래로병원,미래로병원 노트북 PC 납품건,2026-03-03,PC,NB-i7P,직판주문,30800000,20
OPP-2026-0116,트렌드,한국총괄 B2B유통그룹,경로1파트,2000088,동백시스템,부산광역시 해운대구 좌동순환로 12,1000425,미래로병원,미래로병원 데스크톱 PC 납품건,2026-03-03,PC,DP-i5N,유통주문,17800000,20
OPP-2026-0117,선행영업,한국총괄 B2B유통그룹,경로1파트,2000095,가야네트웍스,경상남도 김해시 분성로 221,1000538,세종교육재단,세종교육재단 데스크톱 PC 납품건,2026-03-03,PC,DP-i5N,유통주문,7120000,8
OPP-2026-0118,트렌드,한국총괄 B2B영업그룹,직판1파트,1000204,대성건설,—,1000204,대성건설,대성건설 18평형 에어컨 납품건,2026-03-04,에어컨,AC-18W,직판주문,4480000,4
OPP-2026-0119,트렌드,한국총괄 B2B유통그룹,경로1파트,2000088,동백시스템,부산광역시 해운대구 좌동순환로 12,1000642,서진리테일,서진리테일 대용량 청소기 납품건,2026-03-04,청소기,VC-35H,유통주문,1840000,4
OPP-2026-0120,트렌드,한국총괄 B2B유통그룹,경로1파트,2000088,동백시스템,부산광역시 해운대구 좌동순환로 12,1000642,서진리테일,서진리테일 대용량 청소기 납품건,2026-03-04,청소기,VC-35H,유통주문,1840000,4
OPP-2026-0121,트렌드,한국총괄 B2B영업그룹,직판1파트,1000204,대성건설,—,1000204,대성건설,대성건설 43인치 사이니지 납품건,2026-03-05,사이니지,SG-43C,직판주문,3450000,3
OPP-2026-0122,트렌드,한국총괄 B2B영업그룹,직판2파트,1000425,미래로병원,—,1000425,미래로병원,미래로병원 65인치 TV 납품건,2026-03-06,TV,BX-65S,직판주문,4680000,2
OPP-2026-0123,트렌드,한국총괄 B2B유통그룹,경로1파트,2000088,동백시스템,부산광역시 해운대구 좌동순환로 12,1000642,서진리테일,서진리테일 55인치 사이니지 납품건,2026-03-06,사이니지,SG-55C,유통주문,5280000,3
OPP-2026-0124,트렌드,한국총괄 B2B유통그룹,경로1파트,2000095,가야네트웍스,경상남도 김해시 분성로 221,1000538,세종교육재단,세종교육재단 데스크톱 PC 납품건,2026-03-06,PC,DP-i5N,유통주문,13350000,15
OPP-2026-0125,선행영업,한국총괄 B2B유통그룹,경로1파트,2000071,남해정보통신,부산광역시 해운대구 센텀중앙로 45,1000101,해솔호텔,해솔호텔 대용량 청소기 납품건,2026-03-06,청소기,VC-35H,유통주문,2760000,6
OPP-2026-0126,트렌드,한국총괄 B2B영업그룹,직판1파트,1000204,대성건설,—,1000204,대성건설,대성건설 18평형 에어컨 납품건,2026-03-09,에어컨,AC-18W,직판주문,4480000,4
OPP-2026-0127,트렌드,한국총괄 B2B유통그룹,경로1파트,2000071,남해정보통신,부산광역시 해운대구 센텀중앙로 45,1000204,대성건설,대성건설 27인치 모니터 납품건,2026-03-09,모니터,MN-27Q,유통주문,8600000,20
OPP-2026-0128,트렌드,한국총괄 B2B영업그룹,직판1파트,1000204,대성건설,—,1000204,대성건설,대성건설 43인치 사이니지 납품건,2026-03-10,사이니지,SG-43C,직판주문,4600000,4
OPP-2026-0129,트렌드,한국총괄 B2B영업그룹,직판1파트,1000101,해솔호텔,—,1000101,해솔호텔,해솔호텔 55인치 사이니지 납품건,2026-03-10,사이니지,SG-55C,직판주문,3520000,2
OPP-2026-0130,선행영업,한국총괄 B2B유통그룹,경로1파트,2000095,가야네트웍스,경상남도 김해시 분성로 221,1000538,세종교육재단,세종교육재단 43인치 사이니지 납품건,2026-03-11,사이니지,SG-43C,유통주문,4600000,4
OPP-2026-0131,트렌드,한국총괄 B2B유통그룹,경로1파트,2000095,가야네트웍스,경상남도 김해시 분성로 221,1000538,세종교육재단,세종교육재단 노트북 PC 납품건,2026-03-11,PC,NB-i7P,유통주문,23100000,15
OPP-2026-0132,선행영업,한국총괄 B2B유통그룹,경로1파트,2000071,남해정보통신,부산광역시 해운대구 센텀중앙로 45,1000311,한울종합건설,한울종합건설 18평형 에어컨 납품건,2026-03-11,에어컨,AC-18W,유통주문,6720000,6
OPP-2026-0133,트렌드,한국총괄 B2B유통그룹,경로1파트,2000088,동백시스템,부산광역시 해운대구 좌동순환로 12,1000425,미래로병원,미래로병원 43인치 사이니지 납품건,2026-03-12,사이니지,SG-43C,유통주문,1150000,1
OPP-2026-0134,선행영업,한국총괄 B2B유통그룹,경로1파트,2000088,동백시스템,부산광역시 해운대구 좌동순환로 12,1000642,서진리테일,서진리테일 43인치 사이니지 납품건,2026-03-12,사이니지,SG-43C,유통주문,3450000,3
OPP-2026-0135,트렌드,한국총괄 B2B유통그룹,경로1파트,2000071,남해정보통신,부산광역시 해운대구 센텀중앙로 45,1000101,해솔호텔,해솔호텔 65인치 TV 납품건,2026-03-12,TV,HX-65T,유통주문,7920000,4
OPP-2026-0136,선행영업,한국총괄 B2B유통그룹,경로1파트,2000095,가야네트웍스,경상남도 김해시 분성로 221,1000311,한울종합건설,한울종합건설 18평형 에어컨 납품건,2026-03-13,에어컨,AC-18W,유통주문,6720000,6
OPP-2026-0137,선행영업,한국총괄 B2B영업그룹,직판1파트,1000101,해솔호텔,—,1000101,해솔호텔,해솔호텔 43인치 사이니지 납품건,2026-03-13,사이니지,SG-43C,직판주문,2300000,2
OPP-2026-0138,트렌드,한국총괄 B2B유통그룹,경로1파트,2000088,동백시스템,부산광역시 해운대구 좌동순환로 12,1000642,서진리테일,서진리테일 55인치 사이니지 납품건,2026-03-16,사이니지,SG-55C,유통주문,3520000,2
OPP-2026-0139,선행영업,한국총괄 B2B유통그룹,경로1파트,2000088,동백시스템,부산광역시 해운대구 좌동순환로 12,1000642,서진리테일,서진리테일 43인치 사이니지 납품건,2026-03-17,사이니지,SG-43C,유통주문,3450000,3
OPP-2026-0140,선행영업,한국총괄 B2B영업그룹,직판1파트,1000101,해솔호텔,—,1000101,해솔호텔,해솔호텔 55인치 사이니지 납품건,2026-03-17,사이니지,SG-55C,직판주문,3520000,2
OPP-2026-0141,선행영업,한국총괄 B2B영업그룹,직판2파트,1000538,세종교육재단,—,1000538,세종교육재단,세종교육재단 43인치 사이니지 납품건,2026-03-18,사이니지,SG-43C,직판주문,4600000,4
OPP-2026-0142,트렌드,한국총괄 B2B유통그룹,경로1파트,2000088,동백시스템,부산광역시 해운대구 좌동순환로 12,1000642,서진리테일,서진리테일 18평형 에어컨 납품건,2026-03-19,에어컨,AC-18W,유통주문,4480000,4
OPP-2026-0143,트렌드,한국총괄 B2B유통그룹,경로1파트,2000095,가야네트웍스,경상남도 김해시 분성로 221,1000538,세종교육재단,세종교육재단 55인치 사이니지 납품건,2026-03-19,사이니지,SG-55C,유통주문,1760000,1
OPP-2026-0144,트렌드,한국총괄 B2B유통그룹,경로1파트,2000095,가야네트웍스,경상남도 김해시 분성로 221,1000311,한울종합건설,한울종합건설 18평형 에어컨 납품건,2026-03-19,에어컨,AC-18W,유통주문,3360000,3
OPP-2026-0145,트렌드,한국총괄 B2B유통그룹,경로1파트,2000095,가야네트웍스,경상남도 김해시 분성로 221,1000538,세종교육재단,세종교육재단 27인치 모니터 납품건,2026-03-20,모니터,MN-27Q,유통주문,3440000,8
OPP-2026-0146,트렌드,한국총괄 B2B유통그룹,경로1파트,2000071,남해정보통신,부산광역시 해운대구 센텀중앙로 45,1000311,한울종합건설,한울종합건설 55인치 사이니지 납품건,2026-03-20,사이니지,SG-55C,유통주문,10560000,6
OPP-2026-0147,트렌드,한국총괄 B2B영업그룹,직판2파트,1000425,미래로병원,—,1000425,미래로병원,미래로병원 노트북 PC 납품건,2026-03-23,PC,NB-i7P,직판주문,30800000,20
OPP-2026-0148,선행영업,한국총괄 B2B유통그룹,경로1파트,2000088,동백시스템,부산광역시 해운대구 좌동순환로 12,1000642,서진리테일,서진리테일 55인치 사이니지 납품건,2026-03-23,사이니지,SG-55C,유통주문,3520000,2
OPP-2026-0149,트렌드,한국총괄 B2B영업그룹,직판1파트,1000204,대성건설,—,1000204,대성건설,대성건설 43인치 사이니지 납품건,2026-03-24,사이니지,SG-43C,직판주문,6900000,6
OPP-2026-0150,트렌드,한국총괄 B2B영업그룹,직판2파트,1000538,세종교육재단,—,1000538,세종교육재단,세종교육재단 18평형 에어컨 납품건,2026-03-24,에어컨,AC-18W,직판주문,3360000,3
OPP-2026-0151,트렌드,한국총괄 B2B영업그룹,직판2파트,1000538,세종교육재단,—,1000538,세종교육재단,세종교육재단 43인치 사이니지 납품건,2026-03-24,사이니지,SG-43C,직판주문,2300000,2
OPP-2026-0152,선행영업,한국총괄 B2B유통그룹,경로1파트,2000088,동백시스템,부산광역시 해운대구 좌동순환로 12,1000425,미래로병원,미래로병원 65인치 TV 납품건,2026-03-25,TV,HX-65T,유통주문,11880000,6
OPP-2026-0153,트렌드,한국총괄 B2B영업그룹,직판2파트,1000425,미래로병원,—,1000425,미래로병원,미래로병원 55인치 사이니지 납품건,2026-03-25,사이니지,SG-55C,직판주문,3520000,2
OPP-2026-0154,트렌드,한국총괄 B2B영업그룹,직판2파트,1000538,세종교육재단,—,1000538,세종교육재단,세종교육재단 32인치 모니터 납품건,2026-03-25,모니터,MN-32U,직판주문,8280000,12
OPP-2026-0155,선행영업,한국총괄 B2B영업그룹,직판2파트,1000538,세종교육재단,—,1000538,세종교육재단,세종교육재단 27인치 모니터 납품건,2026-03-25,모니터,MN-27Q,직판주문,5160000,12
OPP-2026-0156,트렌드,한국총괄 B2B유통그룹,경로1파트,2000095,가야네트웍스,경상남도 김해시 분성로 221,1000311,한울종합건설,한울종합건설 18평형 에어컨 납품건,2026-03-25,에어컨,AC-18W,유통주문,3360000,3
OPP-2026-0157,트렌드,한국총괄 B2B영업그룹,직판1파트,1000204,대성건설,—,1000204,대성건설,대성건설 55인치 사이니지 납품건,2026-03-26,사이니지,SG-55C,직판주문,10560000,6
OPP-2026-0158,트렌드,한국총괄 B2B영업그룹,직판1파트,1000204,대성건설,—,1000204,대성건설,대성건설 27인치 모니터 납품건,2026-03-26,모니터,MN-27Q,직판주문,2150000,5
OPP-2026-0159,트렌드,한국총괄 B2B유통그룹,경로1파트,2000095,가야네트웍스,경상남도 김해시 분성로 221,1000538,세종교육재단,세종교육재단 노트북 PC 납품건,2026-03-26,PC,NB-i7P,유통주문,23100000,15
OPP-2026-0160,트렌드,한국총괄 B2B영업그룹,직판1파트,1000204,대성건설,—,1000204,대성건설,대성건설 55인치 사이니지 납품건,2026-03-27,사이니지,SG-55C,직판주문,10560000,6
OPP-2026-0161,트렌드,한국총괄 B2B영업그룹,직판2파트,1000425,미래로병원,—,1000425,미래로병원,미래로병원 55인치 사이니지 납품건,2026-03-27,사이니지,SG-55C,직판주문,10560000,6
OPP-2026-0162,트렌드,한국총괄 B2B영업그룹,직판1파트,1000101,해솔호텔,—,1000101,해솔호텔,해솔호텔 65인치 TV 납품건,2026-03-27,TV,HX-65T,직판주문,7920000,4
OPP-2026-0163,트렌드,한국총괄 B2B영업그룹,직판1파트,1000101,해솔호텔,—,1000101,해솔호텔,해솔호텔 55인치 TV 납품건,2026-03-27,TV,HX-55T,직판주문,8520000,6
OPP-2026-0164,선행영업,한국총괄 B2B유통그룹,경로1파트,2000071,남해정보통신,부산광역시 해운대구 센텀중앙로 45,1000101,해솔호텔,해솔호텔 업소용 청소기 납품건,2026-03-27,청소기,VC-20B,유통주문,1120000,4
OPP-2026-0165,트렌드,한국총괄 B2B영업그룹,직판2파트,1000425,미래로병원,—,1000425,미래로병원,미래로병원 노트북 PC 납품건,2026-03-30,PC,NB-i7P,직판주문,15400000,10
OPP-2026-0166,선행영업,한국총괄 B2B영업그룹,직판2파트,1000425,미래로병원,—,1000425,미래로병원,미래로병원 65인치 TV 납품건,2026-03-30,TV,HX-65T,직판주문,31680000,16
OPP-2026-0167,트렌드,한국총괄 B2B유통그룹,경로1파트,2000095,가야네트웍스,경상남도 김해시 분성로 221,1000538,세종교육재단,세종교육재단 노트북 PC 납품건,2026-03-30,PC,NB-i7P,유통주문,7700000,5
OPP-2026-0168,선행영업,한국총괄 B2B영업그룹,직판1파트,1000101,해솔호텔,—,1000101,해솔호텔,해솔호텔 43인치 사이니지 납품건,2026-03-30,사이니지,SG-43C,직판주문,2300000,2
OPP-2026-0169,트렌드,한국총괄 B2B유통그룹,경로1파트,2000071,남해정보통신,부산광역시 해운대구 센텀중앙로 45,1000101,해솔호텔,해솔호텔 55인치 사이니지 납품건,2026-03-30,사이니지,SG-55C,유통주문,1760000,1
OPP-2026-0170,트렌드,한국총괄 B2B영업그룹,직판1파트,1000204,대성건설,—,1000204,대성건설,대성건설 18평형 에어컨 납품건,2026-03-31,에어컨,AC-18W,직판주문,6720000,6
OPP-2026-0171,선행영업,한국총괄 B2B영업그룹,직판1파트,1000204,대성건설,—,1000204,대성건설,대성건설 43인치 사이니지 납품건,2026-03-31,사이니지,SG-43C,직판주문,1150000,1
OPP-2026-0172,트렌드,한국총괄 B2B유통그룹,경로1파트,2000088,동백시스템,부산광역시 해운대구 좌동순환로 12,1000642,서진리테일,서진리테일 데스크톱 PC 납품건,2026-03-31,PC,DP-i5N,유통주문,17800000,20
OPP-2026-0173,트렌드,한국총괄 B2B유통그룹,경로1파트,2000071,남해정보통신,부산광역시 해운대구 센텀중앙로 45,1000311,한울종합건설,한울종합건설 32인치 모니터 납품건,2026-03-31,모니터,MN-32U,유통주문,5520000,8
OPP-2026-0174,트렌드,한국총괄 B2B영업그룹,직판1파트,1000101,해솔호텔,—,1000101,해솔호텔,해솔호텔 55인치 사이니지 납품건,2026-03-31,사이니지,SG-55C,직판주문,10560000,6
OPP-2026-0175,트렌드,한국총괄 B2B유통그룹,경로1파트,2000095,가야네트웍스,경상남도 김해시 분성로 221,1000538,세종교육재단,세종교육재단 27인치 모니터 납품건,2026-04-01,모니터,MN-27Q,유통주문,8600000,20
OPP-2026-0176,트렌드,한국총괄 B2B영업그룹,직판2파트,1000538,세종교육재단,—,1000538,세종교육재단,세종교육재단 데스크톱 PC 납품건,2026-04-01,PC,DP-i5N,직판주문,17800000,20
OPP-2026-0177,트렌드,한국총괄 B2B유통그룹,경로1파트,2000071,남해정보통신,부산광역시 해운대구 센텀중앙로 45,1000204,대성건설,대성건설 27인치 모니터 납품건,2026-04-02,모니터,MN-27Q,유통주문,8600000,20
OPP-2026-0178,트렌드,한국총괄 B2B유통그룹,경로1파트,2000071,남해정보통신,부산광역시 해운대구 센텀중앙로 45,1000311,한울종합건설,한울종합건설 43인치 사이니지 납품건,2026-04-02,사이니지,SG-43C,유통주문,1150000,1
OPP-2026-0179,선행영업,한국총괄 B2B영업그룹,직판1파트,1000204,대성건설,—,1000204,대성건설,대성건설 55인치 사이니지 납품건,2026-04-03,사이니지,SG-55C,직판주문,7040000,4
OPP-2026-0180,트렌드,한국총괄 B2B유통그룹,경로1파트,2000088,동백시스템,부산광역시 해운대구 좌동순환로 12,1000642,서진리테일,서진리테일 43인치 사이니지 납품건,2026-04-03,사이니지,SG-43C,유통주문,2300000,2
OPP-2026-0181,선행영업,한국총괄 B2B영업그룹,직판1파트,1000101,해솔호텔,—,1000101,해솔호텔,해솔호텔 65인치 TV 납품건,2026-04-03,TV,HX-65T,직판주문,7920000,4
OPP-2026-0182,선행영업,한국총괄 B2B유통그룹,경로1파트,2000071,남해정보통신,부산광역시 해운대구 센텀중앙로 45,1000101,해솔호텔,해솔호텔 43인치 사이니지 납품건,2026-04-06,사이니지,SG-43C,유통주문,6900000,6
OPP-2026-0183,트렌드,한국총괄 B2B유통그룹,경로1파트,2000071,남해정보통신,부산광역시 해운대구 센텀중앙로 45,1000101,해솔호텔,해솔호텔 65인치 TV 납품건,2026-04-06,TV,HX-65T,유통주문,31680000,16
OPP-2026-0184,선행영업,한국총괄 B2B영업그룹,직판1파트,1000204,대성건설,—,1000204,대성건설,대성건설 27인치 모니터 납품건,2026-04-07,모니터,MN-27Q,직판주문,3440000,8
OPP-2026-0185,선행영업,한국총괄 B2B영업그룹,직판2파트,1000425,미래로병원,—,1000425,미래로병원,미래로병원 노트북 PC 납품건,2026-04-07,PC,NB-i7P,직판주문,23100000,15
OPP-2026-0186,트렌드,한국총괄 B2B유통그룹,경로1파트,2000071,남해정보통신,부산광역시 해운대구 센텀중앙로 45,1000204,대성건설,대성건설 65인치 TV 납품건,2026-04-08,TV,HX-65T,유통주문,19800000,10
OPP-2026-0187,선행영업,한국총괄 B2B유통그룹,경로1파트,2000071,남해정보통신,부산광역시 해운대구 센텀중앙로 45,1000311,한울종합건설,한울종합건설 55인치 사이니지 납품건,2026-04-08,사이니지,SG-55C,유통주문,3520000,2
OPP-2026-0188,선행영업,한국총괄 B2B영업그룹,직판1파트,1000101,해솔호텔,—,1000101,해솔호텔,해솔호텔 43인치 사이니지 납품건,2026-04-08,사이니지,SG-43C,직판주문,2300000,2
OPP-2026-0189,트렌드,한국총괄 B2B영업그룹,직판1파트,1000204,대성건설,—,1000204,대성건설,대성건설 43인치 사이니지 납품건,2026-04-09,사이니지,SG-43C,직판주문,6900000,6
OPP-2026-0190,트렌드,한국총괄 B2B유통그룹,경로1파트,2000071,남해정보통신,부산광역시 해운대구 센텀중앙로 45,1000101,해솔호텔,해솔호텔 55인치 사이니지 납품건,2026-04-09,사이니지,SG-55C,유통주문,3520000,2
OPP-2026-0191,트렌드,한국총괄 B2B영업그룹,직판2파트,1000538,세종교육재단,—,1000538,세종교육재단,세종교육재단 데스크톱 PC 납품건,2026-04-10,PC,DP-i5N,직판주문,7120000,8
OPP-2026-0192,트렌드,한국총괄 B2B유통그룹,경로1파트,2000095,가야네트웍스,경상남도 김해시 분성로 221,1000311,한울종합건설,한울종합건설 18평형 에어컨 납품건,2026-04-10,에어컨,AC-18W,유통주문,4480000,4
OPP-2026-0193,트렌드,한국총괄 B2B유통그룹,경로1파트,2000095,가야네트웍스,경상남도 김해시 분성로 221,1000538,세종교육재단,세종교육재단 노트북 PC 납품건,2026-04-13,PC,NB-i7P,유통주문,23100000,15
OPP-2026-0194,트렌드,한국총괄 B2B영업그룹,직판1파트,1000204,대성건설,—,1000204,대성건설,대성건설 55인치 TV 납품건,2026-04-14,TV,HX-55T,직판주문,14200000,10
OPP-2026-0195,트렌드,한국총괄 B2B유통그룹,경로1파트,2000088,동백시스템,부산광역시 해운대구 좌동순환로 12,1000425,미래로병원,미래로병원 노트북 PC 납품건,2026-04-14,PC,NB-i7P,유통주문,12320000,8
OPP-2026-0196,트렌드,한국총괄 B2B영업그룹,직판2파트,1000425,미래로병원,—,1000425,미래로병원,미래로병원 노트북 PC 납품건,2026-04-14,PC,NB-i7P,직판주문,7700000,5
OPP-2026-0197,선행영업,한국총괄 B2B영업그룹,직판1파트,1000204,대성건설,—,1000204,대성건설,대성건설 43인치 사이니지 납품건,2026-04-15,사이니지,SG-43C,직판주문,4600000,4
OPP-2026-0198,트렌드,한국총괄 B2B유통그룹,경로1파트,2000071,남해정보통신,부산광역시 해운대구 센텀중앙로 45,1000101,해솔호텔,해솔호텔 65인치 TV 납품건,2026-04-15,TV,HX-65T,유통주문,31680000,16
OPP-2026-0199,트렌드,한국총괄 B2B영업그룹,직판1파트,1000204,대성건설,—,1000204,대성건설,대성건설 18평형 에어컨 납품건,2026-04-16,에어컨,AC-18W,직판주문,4480000,4
OPP-2026-0200,선행영업,한국총괄 B2B영업그룹,직판1파트,1000204,대성건설,—,1000204,대성건설,대성건설 55인치 사이니지 납품건,2026-04-16,사이니지,SG-55C,직판주문,3520000,2
OPP-2026-0201,선행영업,한국총괄 B2B유통그룹,경로1파트,2000088,동백시스템,부산광역시 해운대구 좌동순환로 12,1000425,미래로병원,미래로병원 데스크톱 PC 납품건,2026-04-16,PC,DP-i5N,유통주문,7120000,8
OPP-2026-0202,트렌드,한국총괄 B2B유통그룹,경로1파트,2000088,동백시스템,부산광역시 해운대구 좌동순환로 12,1000425,미래로병원,미래로병원 55인치 TV 납품건,2026-04-17,TV,HX-55T,유통주문,8520000,6
OPP-2026-0203,선행영업,한국총괄 B2B영업그룹,직판2파트,1000642,서진리테일,—,1000642,서진리테일,서진리테일 55인치 사이니지 납품건,2026-04-17,사이니지,SG-55C,직판주문,10560000,6
OPP-2026-0204,트렌드,한국총괄 B2B영업그룹,직판1파트,1000101,해솔호텔,—,1000101,해솔호텔,해솔호텔 43인치 사이니지 납품건,2026-04-17,사이니지,SG-43C,직판주문,4600000,4
OPP-2026-0205,트렌드,한국총괄 B2B영업그룹,직판1파트,1000204,대성건설,—,1000204,대성건설,대성건설 55인치 사이니지 납품건,2026-04-20,사이니지,SG-55C,직판주문,10560000,6
OPP-2026-0206,트렌드,한국총괄 B2B영업그룹,직판1파트,1000204,대성건설,—,1000204,대성건설,대성건설 18평형 에어컨 납품건,2026-04-20,에어컨,AC-18W,직판주문,6720000,6
OPP-2026-0207,선행영업,한국총괄 B2B유통그룹,경로1파트,2000088,동백시스템,부산광역시 해운대구 좌동순환로 12,1000642,서진리테일,서진리테일 43인치 사이니지 납품건,2026-04-20,사이니지,SG-43C,유통주문,3450000,3
OPP-2026-0208,트렌드,한국총괄 B2B영업그룹,직판1파트,1000101,해솔호텔,—,1000101,해솔호텔,해솔호텔 업소용 청소기 납품건,2026-04-20,청소기,VC-20B,직판주문,560000,2
OPP-2026-0209,트렌드,한국총괄 B2B유통그룹,경로1파트,2000088,동백시스템,부산광역시 해운대구 좌동순환로 12,1000425,미래로병원,미래로병원 43인치 사이니지 납품건,2026-04-21,사이니지,SG-43C,유통주문,3450000,3
OPP-2026-0210,트렌드,한국총괄 B2B유통그룹,경로1파트,2000088,동백시스템,부산광역시 해운대구 좌동순환로 12,1000642,서진리테일,서진리테일 업소용 청소기 납품건,2026-04-21,청소기,VC-20B,유통주문,2800000,10
OPP-2026-0211,선행영업,한국총괄 B2B유통그룹,경로1파트,2000095,가야네트웍스,경상남도 김해시 분성로 221,1000538,세종교육재단,세종교육재단 43인치 사이니지 납품건,2026-04-21,사이니지,SG-43C,유통주문,3450000,3
OPP-2026-0212,트렌드,한국총괄 B2B영업그룹,직판1파트,1000204,대성건설,—,1000204,대성건설,대성건설 32인치 모니터 납품건,2026-04-22,모니터,MN-32U,직판주문,8280000,12
OPP-2026-0213,트렌드,한국총괄 B2B영업그룹,직판2파트,1000425,미래로병원,—,1000425,미래로병원,미래로병원 데스크톱 PC 납품건,2026-04-22,PC,DP-i5N,직판주문,8900000,10
OPP-2026-0214,트렌드,한국총괄 B2B영업그룹,직판1파트,1000311,한울종합건설,—,1000311,한울종합건설,한울종합건설 43인치 사이니지 납품건,2026-04-22,사이니지,SG-43C,직판주문,3450000,3
OPP-2026-0215,트렌드,한국총괄 B2B영업그룹,직판2파트,1000642,서진리테일,—,1000642,서진리테일,서진리테일 55인치 사이니지 납품건,2026-04-23,사이니지,SG-55C,직판주문,7040000,4
OPP-2026-0216,선행영업,한국총괄 B2B유통그룹,경로1파트,2000088,동백시스템,부산광역시 해운대구 좌동순환로 12,1000642,서진리테일,서진리테일 55인치 사이니지 납품건,2026-04-24,사이니지,SG-55C,유통주문,1760000,1
OPP-2026-0217,트렌드,한국총괄 B2B영업그룹,직판1파트,1000311,한울종합건설,—,1000311,한울종합건설,한울종합건설 27인치 모니터 납품건,2026-04-24,모니터,MN-27Q,직판주문,5160000,12
OPP-2026-0218,트렌드,한국총괄 B2B영업그룹,직판1파트,1000204,대성건설,—,1000204,대성건설,대성건설 65인치 TV 납품건,2026-04-27,TV,BX-65S,직판주문,23400000,10
OPP-2026-0219,트렌드,한국총괄 B2B유통그룹,경로1파트,2000088,동백시스템,부산광역시 해운대구 좌동순환로 12,1000642,서진리테일,서진리테일 18평형 에어컨 납품건,2026-04-27,에어컨,AC-18W,유통주문,3360000,3
OPP-2026-0220,트렌드,한국총괄 B2B유통그룹,경로1파트,2000088,동백시스템,부산광역시 해운대구 좌동순환로 12,1000642,서진리테일,서진리테일 대용량 청소기 납품건,2026-04-27,청소기,VC-35H,유통주문,4600000,10
OPP-2026-0221,선행영업,한국총괄 B2B영업그룹,직판1파트,1000311,한울종합건설,—,1000311,한울종합건설,한울종합건설 32인치 모니터 납품건,2026-04-27,모니터,MN-32U,직판주문,13800000,20
OPP-2026-0222,트렌드,한국총괄 B2B영업그룹,직판1파트,1000204,대성건설,—,1000204,대성건설,대성건설 18평형 에어컨 납품건,2026-04-28,에어컨,AC-18W,직판주문,6720000,6
OPP-2026-0223,트렌드,한국총괄 B2B영업그룹,직판2파트,1000425,미래로병원,—,1000425,미래로병원,미래로병원 32인치 모니터 납품건,2026-04-28,모니터,MN-32U,직판주문,5520000,8
OPP-2026-0224,트렌드,한국총괄 B2B유통그룹,경로1파트,2000071,남해정보통신,부산광역시 해운대구 센텀중앙로 45,1000311,한울종합건설,한울종합건설 18평형 에어컨 납품건,2026-04-28,에어컨,AC-18W,유통주문,6720000,6
OPP-2026-0225,트렌드,한국총괄 B2B유통그룹,경로1파트,2000071,남해정보통신,부산광역시 해운대구 센텀중앙로 45,1000101,해솔호텔,해솔호텔 대용량 청소기 납품건,2026-04-28,청소기,VC-35H,유통주문,2760000,6
OPP-2026-0226,트렌드,한국총괄 B2B영업그룹,직판2파트,1000425,미래로병원,—,1000425,미래로병원,미래로병원 노트북 PC 납품건,2026-04-29,PC,NB-i7P,직판주문,12320000,8
OPP-2026-0227,트렌드,한국총괄 B2B유통그룹,경로1파트,2000088,동백시스템,부산광역시 해운대구 좌동순환로 12,1000642,서진리테일,서진리테일 업소용 청소기 납품건,2026-04-29,청소기,VC-20B,유통주문,2800000,10
OPP-2026-0228,트렌드,한국총괄 B2B유통그룹,경로1파트,2000095,가야네트웍스,경상남도 김해시 분성로 221,1000538,세종교육재단,세종교육재단 27인치 모니터 납품건,2026-04-29,모니터,MN-27Q,유통주문,5160000,12
OPP-2026-0229,트렌드,한국총괄 B2B유통그룹,경로1파트,2000095,가야네트웍스,경상남도 김해시 분성로 221,1000311,한울종합건설,한울종합건설 18평형 에어컨 납품건,2026-04-29,에어컨,AC-18W,유통주문,2240000,2
OPP-2026-0230,선행영업,한국총괄 B2B유통그룹,경로1파트,2000071,남해정보통신,부산광역시 해운대구 센텀중앙로 45,1000101,해솔호텔,해솔호텔 43인치 사이니지 납품건,2026-04-29,사이니지,SG-43C,유통주문,2300000,2
OPP-2026-0231,트렌드,한국총괄 B2B유통그룹,경로1파트,2000071,남해정보통신,부산광역시 해운대구 센텀중앙로 45,1000101,해솔호텔,해솔호텔 65인치 TV 납품건,2026-04-29,TV,HX-65T,유통주문,7920000,4
OPP-2026-0232,트렌드,한국총괄 B2B영업그룹,직판1파트,1000204,대성건설,—,1000204,대성건설,대성건설 55인치 사이니지 납품건,2026-04-30,사이니지,SG-55C,직판주문,3520000,2
OPP-2026-0233,트렌드,한국총괄 B2B유통그룹,경로1파트,2000088,동백시스템,부산광역시 해운대구 좌동순환로 12,1000425,미래로병원,미래로병원 노트북 PC 납품건,2026-04-30,PC,NB-i7P,유통주문,30800000,20
OPP-2026-0234,선행영업,한국총괄 B2B영업그룹,직판2파트,1000425,미래로병원,—,1000425,미래로병원,미래로병원 43인치 사이니지 납품건,2026-04-30,사이니지,SG-43C,직판주문,1150000,1
OPP-2026-0235,선행영업,한국총괄 B2B영업그룹,직판2파트,1000642,서진리테일,—,1000642,서진리테일,서진리테일 55인치 사이니지 납품건,2026-04-30,사이니지,SG-55C,직판주문,7040000,4
OPP-2026-0236,트렌드,한국총괄 B2B영업그룹,직판1파트,1000311,한울종합건설,—,1000311,한울종합건설,한울종합건설 32인치 모니터 납품건,2026-04-30,모니터,MN-32U,직판주문,8280000,12
OPP-2026-0237,트렌드,한국총괄 B2B영업그룹,직판1파트,1000311,한울종합건설,—,1000311,한울종합건설,한울종합건설 32인치 모니터 납품건,2026-04-30,모니터,MN-32U,직판주문,13800000,20
OPP-2026-0238,트렌드,한국총괄 B2B유통그룹,경로1파트,2000088,동백시스템,부산광역시 해운대구 좌동순환로 12,1000642,서진리테일,서진리테일 55인치 사이니지 납품건,2026-05-01,사이니지,SG-55C,유통주문,1760000,1
OPP-2026-0239,트렌드,한국총괄 B2B유통그룹,경로1파트,2000071,남해정보통신,부산광역시 해운대구 센텀중앙로 45,1000204,대성건설,대성건설 43인치 사이니지 납품건,2026-05-04,사이니지,SG-43C,유통주문,3450000,3
OPP-2026-0240,트렌드,한국총괄 B2B영업그룹,직판1파트,1000101,해솔호텔,—,1000101,해솔호텔,해솔호텔 업소용 청소기 납품건,2026-05-04,청소기,VC-20B,직판주문,560000,2
OPP-2026-0241,트렌드,한국총괄 B2B유통그룹,경로1파트,2000071,남해정보통신,부산광역시 해운대구 센텀중앙로 45,1000101,해솔호텔,해솔호텔 업소용 청소기 납품건,2026-05-04,청소기,VC-20B,유통주문,1120000,4
OPP-2026-0242,선행영업,한국총괄 B2B영업그룹,직판2파트,1000425,미래로병원,—,1000425,미래로병원,미래로병원 65인치 TV 납품건,2026-05-05,TV,BX-65S,직판주문,23400000,10
OPP-2026-0243,선행영업,한국총괄 B2B유통그룹,경로1파트,2000095,가야네트웍스,경상남도 김해시 분성로 221,1000538,세종교육재단,세종교육재단 노트북 PC 납품건,2026-05-05,PC,NB-i7P,유통주문,23100000,15
OPP-2026-0244,선행영업,한국총괄 B2B영업그룹,직판1파트,1000101,해솔호텔,—,1000101,해솔호텔,해솔호텔 55인치 TV 납품건,2026-05-05,TV,HX-55T,직판주문,2840000,2
OPP-2026-0245,트렌드,한국총괄 B2B유통그룹,경로1파트,2000071,남해정보통신,부산광역시 해운대구 센텀중앙로 45,1000204,대성건설,대성건설 18평형 에어컨 납품건,2026-05-06,에어컨,AC-18W,유통주문,6720000,6
OPP-2026-0246,트렌드,한국총괄 B2B영업그룹,직판1파트,1000204,대성건설,—,1000204,대성건설,대성건설 27인치 모니터 납품건,2026-05-06,모니터,MN-27Q,직판주문,5160000,12
OPP-2026-0247,선행영업,한국총괄 B2B영업그룹,직판2파트,1000425,미래로병원,—,1000425,미래로병원,미래로병원 55인치 사이니지 납품건,2026-05-06,사이니지,SG-55C,직판주문,1760000,1
OPP-2026-0248,선행영업,한국총괄 B2B영업그룹,직판2파트,1000538,세종교육재단,—,1000538,세종교육재단,세종교육재단 27인치 모니터 납품건,2026-05-06,모니터,MN-27Q,직판주문,3440000,8
OPP-2026-0249,트렌드,한국총괄 B2B영업그룹,직판1파트,1000204,대성건설,—,1000204,대성건설,대성건설 55인치 사이니지 납품건,2026-05-07,사이니지,SG-55C,직판주문,5280000,3
OPP-2026-0250,선행영업,한국총괄 B2B영업그룹,직판2파트,1000425,미래로병원,—,1000425,미래로병원,미래로병원 데스크톱 PC 납품건,2026-05-07,PC,DP-i5N,직판주문,4450000,5
OPP-2026-0251,트렌드,한국총괄 B2B유통그룹,경로1파트,2000088,동백시스템,부산광역시 해운대구 좌동순환로 12,1000425,미래로병원,미래로병원 노트북 PC 납품건,2026-05-07,PC,NB-i7P,유통주문,23100000,15
OPP-2026-0252,선행영업,한국총괄 B2B영업그룹,직판2파트,1000538,세종교육재단,—,1000538,세종교육재단,세종교육재단 55인치 사이니지 납품건,2026-05-08,사이니지,SG-55C,직판주문,10560000,6
OPP-2026-0253,선행영업,한국총괄 B2B영업그룹,직판1파트,1000311,한울종합건설,—,1000311,한울종합건설,한울종합건설 65인치 TV 납품건,2026-05-08,TV,BX-65S,직판주문,37440000,16
OPP-2026-0254,선행영업,한국총괄 B2B영업그룹,직판1파트,1000204,대성건설,—,1000204,대성건설,대성건설 32인치 모니터 납품건,2026-05-11,모니터,MN-32U,직판주문,13800000,20
OPP-2026-0255,트렌드,한국총괄 B2B유통그룹,경로1파트,2000095,가야네트웍스,경상남도 김해시 분성로 221,1000538,세종교육재단,세종교육재단 데스크톱 PC 납품건,2026-05-11,PC,DP-i5N,유통주문,17800000,20
OPP-2026-0256,트렌드,한국총괄 B2B유통그룹,경로1파트,2000071,남해정보통신,부산광역시 해운대구 센텀중앙로 45,1000101,해솔호텔,해솔호텔 55인치 TV 납품건,2026-05-11,TV,HX-55T,유통주문,22720000,16
OPP-2026-0257,트렌드,한국총괄 B2B영업그룹,직판1파트,1000204,대성건설,—,1000204,대성건설,대성건설 18평형 에어컨 납품건,2026-05-12,에어컨,AC-18W,직판주문,4480000,4
OPP-2026-0258,트렌드,한국총괄 B2B유통그룹,경로1파트,2000088,동백시스템,부산광역시 해운대구 좌동순환로 12,1000425,미래로병원,미래로병원 55인치 사이니지 납품건,2026-05-13,사이니지,SG-55C,유통주문,10560000,6
OPP-2026-0259,트렌드,한국총괄 B2B유통그룹,경로1파트,2000071,남해정보통신,부산광역시 해운대구 센텀중앙로 45,1000311,한울종합건설,한울종합건설 18평형 에어컨 납품건,2026-05-13,에어컨,AC-18W,유통주문,3360000,3
OPP-2026-0260,선행영업,한국총괄 B2B유통그룹,경로1파트,2000095,가야네트웍스,경상남도 김해시 분성로 221,1000311,한울종합건설,한울종합건설 18평형 에어컨 납품건,2026-05-13,에어컨,AC-18W,유통주문,4480000,4
OPP-2026-0261,선행영업,한국총괄 B2B유통그룹,경로1파트,2000095,가야네트웍스,경상남도 김해시 분성로 221,1000538,세종교육재단,세종교육재단 32인치 모니터 납품건,2026-05-14,모니터,MN-32U,유통주문,13800000,20
OPP-2026-0262,선행영업,한국총괄 B2B영업그룹,직판1파트,1000204,대성건설,—,1000204,대성건설,대성건설 32인치 모니터 납품건,2026-05-15,모니터,MN-32U,직판주문,5520000,8
OPP-2026-0263,선행영업,한국총괄 B2B영업그룹,직판2파트,1000538,세종교육재단,—,1000538,세종교육재단,세종교육재단 노트북 PC 납품건,2026-05-15,PC,NB-i7P,직판주문,30800000,20
OPP-2026-0264,선행영업,한국총괄 B2B유통그룹,경로1파트,2000095,가야네트웍스,경상남도 김해시 분성로 221,1000538,세종교육재단,세종교육재단 데스크톱 PC 납품건,2026-05-15,PC,DP-i5N,유통주문,8900000,10
OPP-2026-0265,트렌드,한국총괄 B2B영업그룹,직판1파트,1000311,한울종합건설,—,1000311,한울종합건설,한울종합건설 43인치 사이니지 납품건,2026-05-18,사이니지,SG-43C,직판주문,1150000,1
OPP-2026-0266,트렌드,한국총괄 B2B영업그룹,직판1파트,1000101,해솔호텔,—,1000101,해솔호텔,해솔호텔 18평형 에어컨 납품건,2026-05-18,에어컨,AC-18W,직판주문,2240000,2
OPP-2026-0267,트렌드,한국총괄 B2B영업그룹,직판1파트,1000204,대성건설,—,1000204,대성건설,대성건설 32인치 모니터 납품건,2026-05-19,모니터,MN-32U,직판주문,13800000,20
OPP-2026-0268,트렌드,한국총괄 B2B유통그룹,경로1파트,2000088,동백시스템,부산광역시 해운대구 좌동순환로 12,1000642,서진리테일,서진리테일 43인치 사이니지 납품건,2026-05-19,사이니지,SG-43C,유통주문,4600000,4
OPP-2026-0269,트렌드,한국총괄 B2B영업그룹,직판1파트,1000101,해솔호텔,—,1000101,해솔호텔,해솔호텔 55인치 사이니지 납품건,2026-05-20,사이니지,SG-55C,직판주문,5280000,3
OPP-2026-0270,선행영업,한국총괄 B2B영업그룹,직판1파트,1000101,해솔호텔,—,1000101,해솔호텔,해솔호텔 43인치 사이니지 납품건,2026-05-20,사이니지,SG-43C,직판주문,6900000,6
OPP-2026-0271,트렌드,한국총괄 B2B유통그룹,경로1파트,2000071,남해정보통신,부산광역시 해운대구 센텀중앙로 45,1000311,한울종합건설,한울종합건설 18평형 에어컨 납품건,2026-05-21,에어컨,AC-18W,유통주문,4480000,4
OPP-2026-0272,트렌드,한국총괄 B2B영업그룹,직판1파트,1000101,해솔호텔,—,1000101,해솔호텔,해솔호텔 55인치 TV 납품건,2026-05-21,TV,HX-55T,직판주문,14200000,10
OPP-2026-0273,트렌드,한국총괄 B2B유통그룹,경로1파트,2000088,동백시스템,부산광역시 해운대구 좌동순환로 12,1000642,서진리테일,서진리테일 43인치 사이니지 납품건,2026-05-22,사이니지,SG-43C,유통주문,3450000,3
OPP-2026-0274,트렌드,한국총괄 B2B유통그룹,경로1파트,2000071,남해정보통신,부산광역시 해운대구 센텀중앙로 45,1000311,한울종합건설,한울종합건설 18평형 에어컨 납품건,2026-05-22,에어컨,AC-18W,유통주문,3360000,3
OPP-2026-0275,트렌드,한국총괄 B2B유통그룹,경로1파트,2000071,남해정보통신,부산광역시 해운대구 센텀중앙로 45,1000311,한울종합건설,한울종합건설 27인치 모니터 납품건,2026-05-22,모니터,MN-27Q,유통주문,8600000,20
OPP-2026-0276,트렌드,한국총괄 B2B영업그룹,직판1파트,1000101,해솔호텔,—,1000101,해솔호텔,해솔호텔 65인치 TV 납품건,2026-05-22,TV,HX-65T,직판주문,3960000,2
OPP-2026-0277,선행영업,한국총괄 B2B영업그룹,직판2파트,1000425,미래로병원,—,1000425,미래로병원,미래로병원 노트북 PC 납품건,2026-05-25,PC,NB-i7P,직판주문,15400000,10
OPP-2026-0278,선행영업,한국총괄 B2B유통그룹,경로1파트,2000095,가야네트웍스,경상남도 김해시 분성로 221,1000538,세종교육재단,세종교육재단 노트북 PC 납품건,2026-05-25,PC,NB-i7P,유통주문,12320000,8
OPP-2026-0279,선행영업,한국총괄 B2B영업그룹,직판1파트,1000311,한울종합건설,—,1000311,한울종합건설,한울종합건설 55인치 사이니지 납품건,2026-05-25,사이니지,SG-55C,직판주문,7040000,4
OPP-2026-0280,트렌드,한국총괄 B2B유통그룹,경로1파트,2000071,남해정보통신,부산광역시 해운대구 센텀중앙로 45,1000311,한울종합건설,한울종합건설 18평형 에어컨 납품건,2026-05-25,에어컨,AC-18W,유통주문,4480000,4
OPP-2026-0281,트렌드,한국총괄 B2B유통그룹,경로1파트,2000071,남해정보통신,부산광역시 해운대구 센텀중앙로 45,1000101,해솔호텔,해솔호텔 65인치 TV 납품건,2026-05-25,TV,BX-65S,유통주문,23400000,10
OPP-2026-0282,선행영업,한국총괄 B2B유통그룹,경로1파트,2000088,동백시스템,부산광역시 해운대구 좌동순환로 12,1000642,서진리테일,서진리테일 대용량 청소기 납품건,2026-05-26,청소기,VC-35H,유통주문,1840000,4
OPP-2026-0283,선행영업,한국총괄 B2B유통그룹,경로1파트,2000095,가야네트웍스,경상남도 김해시 분성로 221,1000538,세종교육재단,세종교육재단 데스크톱 PC 납품건,2026-05-26,PC,DP-i5N,유통주문,4450000,5
OPP-2026-0284,선행영업,한국총괄 B2B유통그룹,경로1파트,2000071,남해정보통신,부산광역시 해운대구 센텀중앙로 45,1000101,해솔호텔,해솔호텔 55인치 TV 납품건,2026-05-26,TV,HX-55T,유통주문,2840000,2
OPP-2026-0285,트렌드,한국총괄 B2B유통그룹,경로1파트,2000071,남해정보통신,부산광역시 해운대구 센텀중앙로 45,1000204,대성건설,대성건설 55인치 TV 납품건,2026-05-27,TV,HX-55T,유통주문,8520000,6
OPP-2026-0286,트렌드,한국총괄 B2B영업그룹,직판1파트,1000311,한울종합건설,—,1000311,한울종합건설,한울종합건설 43인치 사이니지 납품건,2026-05-27,사이니지,SG-43C,직판주문,1150000,1
OPP-2026-0287,트렌드,한국총괄 B2B영업그룹,직판1파트,1000311,한울종합건설,—,1000311,한울종합건설,한울종합건설 27인치 모니터 납품건,2026-05-27,모니터,MN-27Q,직판주문,3440000,8
OPP-2026-0288,트렌드,한국총괄 B2B유통그룹,경로1파트,2000071,남해정보통신,부산광역시 해운대구 센텀중앙로 45,1000101,해솔호텔,해솔호텔 65인치 TV 납품건,2026-05-27,TV,HX-65T,유통주문,19800000,10
OPP-2026-0289,트렌드,한국총괄 B2B유통그룹,경로1파트,2000088,동백시스템,부산광역시 해운대구 좌동순환로 12,1000642,서진리테일,서진리테일 43인치 사이니지 납품건,2026-05-28,사이니지,SG-43C,유통주문,6900000,6
OPP-2026-0290,선행영업,한국총괄 B2B유통그룹,경로1파트,2000071,남해정보통신,부산광역시 해운대구 센텀중앙로 45,1000311,한울종합건설,한울종합건설 32인치 모니터 납품건,2026-05-28,모니터,MN-32U,유통주문,3450000,5
OPP-2026-0291,트렌드,한국총괄 B2B영업그룹,직판1파트,1000311,한울종합건설,—,1000311,한울종합건설,한울종합건설 43인치 사이니지 납품건,2026-05-28,사이니지,SG-43C,직판주문,6900000,6
OPP-2026-0292,선행영업,한국총괄 B2B영업그룹,직판1파트,1000311,한울종합건설,—,1000311,한울종합건설,한울종합건설 55인치 사이니지 납품건,2026-05-28,사이니지,SG-55C,직판주문,1760000,1
OPP-2026-0293,트렌드,한국총괄 B2B영업그룹,직판1파트,1000204,대성건설,—,1000204,대성건설,대성건설 18평형 에어컨 납품건,2026-05-29,에어컨,AC-18W,직판주문,2240000,2
OPP-2026-0294,트렌드,한국총괄 B2B영업그룹,직판1파트,1000204,대성건설,—,1000204,대성건설,대성건설 43인치 사이니지 납품건,2026-05-29,사이니지,SG-43C,직판주문,4600000,4
OPP-2026-0295,트렌드,한국총괄 B2B유통그룹,경로1파트,2000088,동백시스템,부산광역시 해운대구 좌동순환로 12,1000642,서진리테일,서진리테일 노트북 PC 납품건,2026-05-29,PC,NB-i7P,유통주문,23100000,15
OPP-2026-0296,트렌드,한국총괄 B2B영업그룹,직판1파트,1000311,한울종합건설,—,1000311,한울종합건설,한울종합건설 18평형 에어컨 납품건,2026-05-29,에어컨,AC-18W,직판주문,4480000,4
OPP-2026-0296,선행영업,한국총괄 B2B유통그룹,경로1파트,2000095,가야네트웍스,경상남도 김해시 분성로 221,1000311,한울종합건설,한울종합건설 55인치 TV 납품건,2026-06-01,TV,HX-55T,유통주문,5680000,4
OPP-2026-0298,트렌드,한국총괄 B2B유통그룹,경로1파트,2000071,남해정보통신,부산광역시 해운대구 센텀중앙로 45,1000311,한울종합건설,한울종합건설 18평형 에어컨 납품건,2026-06-01,에어컨,AC-18W,유통주문,3360000,3
OPP-2026-0299,선행영업,한국총괄 B2B영업그룹,직판1파트,1000101,해솔호텔,—,1000101,해솔호텔,해솔호텔 65인치 TV 납품건,2026-06-01,TV,BX-65S,직판주문,9360000,4
OPP-2026-0300,트렌드,한국총괄 B2B유통그룹,경로1파트,2000088,동백시스템,부산광역시 해운대구 좌동순환로 12,1000642,서진리테일,서진리테일 55인치 사이니지 납품건,2026-06-02,사이니지,SG-55C,유통주문,7040000,4
OPP-2026-0301,트렌드,한국총괄 B2B유통그룹,경로1파트,2000088,동백시스템,부산광역시 해운대구 좌동순환로 12,1000642,서진리테일,서진리테일 43인치 사이니지 납품건,2026-06-02,사이니지,SG-43C,유통주문,4600000,4
OPP-2026-0302,트렌드,한국총괄 B2B유통그룹,경로1파트,2000088,동백시스템,부산광역시 해운대구 좌동순환로 12,1000642,서진리테일,서진리테일 55인치 사이니지 납품건,2026-06-02,사이니지,SG-55C,유통주문,10560000,6
OPP-2026-0303,트렌드,한국총괄 B2B유통그룹,경로1파트,2000071,남해정보통신,부산광역시 해운대구 센텀중앙로 45,1000204,대성건설,대성건설 43인치 사이니지 납품건,2026-06-03,사이니지,SG-43C,유통주문,6900000,6
OPP-2026-0304,트렌드,한국총괄 B2B유통그룹,경로1파트,2000095,가야네트웍스,경상남도 김해시 분성로 221,1000538,세종교육재단,세종교육재단 43인치 사이니지 납품건,2026-06-03,사이니지,SG-43C,유통주문,1150000,1
OPP-2026-0305,선행영업,한국총괄 B2B유통그룹,경로1파트,2000088,동백시스템,부산광역시 해운대구 좌동순환로 12,1000642,서진리테일,서진리테일 43인치 사이니지 납품건,2026-06-04,사이니지,SG-43C,유통주문,4600000,4
OPP-2026-0306,트렌드,한국총괄 B2B유통그룹,경로1파트,2000071,남해정보통신,부산광역시 해운대구 센텀중앙로 45,1000101,해솔호텔,해솔호텔 43인치 사이니지 납품건,2026-06-04,사이니지,SG-43C,유통주문,4600000,4
OPP-2026-0307,트렌드,한국총괄 B2B유통그룹,경로1파트,2000071,남해정보통신,부산광역시 해운대구 센텀중앙로 45,1000204,대성건설,대성건설 32인치 모니터 납품건,2026-06-05,모니터,MN-32U,유통주문,13800000,20
OPP-2026-0308,선행영업,한국총괄 B2B영업그룹,직판2파트,1000538,세종교육재단,—,1000538,세종교육재단,세종교육재단 32인치 모니터 납품건,2026-06-05,모니터,MN-32U,직판주문,13800000,20
OPP-2026-0309,트렌드,한국총괄 B2B유통그룹,경로1파트,2000071,남해정보통신,부산광역시 해운대구 센텀중앙로 45,1000311,한울종합건설,한울종합건설 18평형 에어컨 납품건,2026-06-05,에어컨,AC-18W,유통주문,2240000,2
OPP-2026-0310,트렌드,한국총괄 B2B영업그룹,직판1파트,1000101,해솔호텔,—,1000101,해솔호텔,해솔호텔 43인치 사이니지 납품건,2026-06-05,사이니지,SG-43C,직판주문,4600000,4
OPP-2026-0311,트렌드,한국총괄 B2B유통그룹,경로1파트,2000071,남해정보통신,부산광역시 해운대구 센텀중앙로 45,1000311,한울종합건설,한울종합건설 43인치 사이니지 납품건,2026-06-08,사이니지,SG-43C,유통주문,4600000,4
OPP-2026-0312,트렌드,한국총괄 B2B영업그룹,직판2파트,1000425,미래로병원,—,1000425,미래로병원,미래로병원 27인치 모니터 납품건,2026-06-09,모니터,MN-27Q,직판주문,5160000,12
OPP-2026-0313,선행영업,한국총괄 B2B영업그룹,직판1파트,1000101,해솔호텔,—,1000101,해솔호텔,해솔호텔 55인치 사이니지 납품건,2026-06-09,사이니지,SG-55C,직판주문,1760000,1
OPP-2026-0314,트렌드,한국총괄 B2B영업그룹,직판1파트,1000204,대성건설,—,1000204,대성건설,대성건설 32인치 모니터 납품건,2026-06-10,모니터,MN-32U,직판주문,3450000,5
OPP-2026-0315,선행영업,한국총괄 B2B영업그룹,직판2파트,1000538,세종교육재단,—,1000538,세종교육재단,세종교육재단 18평형 에어컨 납품건,2026-06-10,에어컨,AC-18W,직판주문,2240000,2
OPP-2026-0316,트렌드,한국총괄 B2B유통그룹,경로1파트,2000088,동백시스템,부산광역시 해운대구 좌동순환로 12,1000642,서진리테일,서진리테일 노트북 PC 납품건,2026-06-11,PC,NB-i7P,유통주문,23100000,15
OPP-2026-0317,선행영업,한국총괄 B2B유통그룹,경로1파트,2000088,동백시스템,부산광역시 해운대구 좌동순환로 12,1000425,미래로병원,미래로병원 노트북 PC 납품건,2026-06-12,PC,NB-i7P,유통주문,12320000,8
OPP-2026-0318,트렌드,한국총괄 B2B유통그룹,경로1파트,2000088,동백시스템,부산광역시 해운대구 좌동순환로 12,1000642,서진리테일,서진리테일 데스크톱 PC 납품건,2026-06-12,PC,DP-i5N,유통주문,17800000,20
OPP-2026-0319,트렌드,한국총괄 B2B영업그룹,직판1파트,1000101,해솔호텔,—,1000101,해솔호텔,해솔호텔 65인치 TV 납품건,2026-06-12,TV,HX-65T,직판주문,31680000,16
OPP-2026-0320,트렌드,한국총괄 B2B유통그룹,경로1파트,2000095,가야네트웍스,경상남도 김해시 분성로 221,1000311,한울종합건설,한울종합건설 18평형 에어컨 납품건,2026-06-15,에어컨,AC-18W,유통주문,4480000,4
OPP-2026-0321,트렌드,한국총괄 B2B유통그룹,경로1파트,2000071,남해정보통신,부산광역시 해운대구 센텀중앙로 45,1000204,대성건설,대성건설 27인치 모니터 납품건,2026-06-16,모니터,MN-27Q,유통주문,2150000,5
OPP-2026-0322,트렌드,한국총괄 B2B유통그룹,경로1파트,2000095,가야네트웍스,경상남도 김해시 분성로 221,1000538,세종교육재단,세종교육재단 27인치 모니터 납품건,2026-06-16,모니터,MN-27Q,유통주문,2150000,5
OPP-2026-0323,트렌드,한국총괄 B2B영업그룹,직판2파트,1000642,서진리테일,—,1000642,서진리테일,서진리테일 업소용 청소기 납품건,2026-06-17,청소기,VC-20B,직판주문,560000,2
OPP-2026-0324,트렌드,한국총괄 B2B영업그룹,직판1파트,1000101,해솔호텔,—,1000101,해솔호텔,해솔호텔 65인치 TV 납품건,2026-06-17,TV,BX-65S,직판주문,4680000,2
OPP-2026-0325,트렌드,한국총괄 B2B영업그룹,직판1파트,1000204,대성건설,—,1000204,대성건설,대성건설 65인치 TV 납품건,2026-06-18,TV,HX-65T,직판주문,3960000,2
OPP-2026-0326,트렌드,한국총괄 B2B유통그룹,경로1파트,2000095,가야네트웍스,경상남도 김해시 분성로 221,1000538,세종교육재단,세종교육재단 43인치 사이니지 납품건,2026-06-18,사이니지,SG-43C,유통주문,3450000,3
OPP-2026-0327,트렌드,한국총괄 B2B유통그룹,경로1파트,2000095,가야네트웍스,경상남도 김해시 분성로 221,1000311,한울종합건설,한울종합건설 55인치 TV 납품건,2026-06-18,TV,HX-55T,유통주문,2840000,2
OPP-2026-0328,선행영업,한국총괄 B2B유통그룹,경로1파트,2000088,동백시스템,부산광역시 해운대구 좌동순환로 12,1000642,서진리테일,서진리테일 43인치 사이니지 납품건,2026-06-19,사이니지,SG-43C,유통주문,6900000,6
OPP-2026-0329,선행영업,한국총괄 B2B유통그룹,경로1파트,2000095,가야네트웍스,경상남도 김해시 분성로 221,1000538,세종교육재단,세종교육재단 43인치 사이니지 납품건,2026-06-19,사이니지,SG-43C,유통주문,6900000,6
OPP-2026-0330,선행영업,한국총괄 B2B유통그룹,경로1파트,2000071,남해정보통신,부산광역시 해운대구 센텀중앙로 45,1000311,한울종합건설,한울종합건설 55인치 사이니지 납품건,2026-06-22,사이니지,SG-55C,유통주문,5280000,3
OPP-2026-0331,트렌드,한국총괄 B2B영업그룹,직판1파트,1000204,대성건설,—,1000204,대성건설,대성건설 43인치 사이니지 납품건,2026-06-23,사이니지,SG-43C,직판주문,3450000,3
OPP-2026-0332,트렌드,한국총괄 B2B유통그룹,경로1파트,2000071,남해정보통신,부산광역시 해운대구 센텀중앙로 45,1000101,해솔호텔,해솔호텔 65인치 TV 납품건,2026-06-23,TV,BX-65S,유통주문,23400000,10
OPP-2026-0333,선행영업,한국총괄 B2B유통그룹,경로1파트,2000088,동백시스템,부산광역시 해운대구 좌동순환로 12,1000642,서진리테일,서진리테일 55인치 사이니지 납품건,2026-06-24,사이니지,SG-55C,유통주문,7040000,4
OPP-2026-0334,선행영업,한국총괄 B2B영업그룹,직판2파트,1000538,세종교육재단,—,1000538,세종교육재단,세종교육재단 27인치 모니터 납품건,2026-06-24,모니터,MN-27Q,직판주문,8600000,20
OPP-2026-0335,트렌드,한국총괄 B2B영업그룹,직판1파트,1000101,해솔호텔,—,1000101,해솔호텔,해솔호텔 65인치 TV 납품건,2026-06-24,TV,BX-65S,직판주문,14040000,6
OPP-2026-0336,트렌드,한국총괄 B2B영업그룹,직판1파트,1000204,대성건설,—,1000204,대성건설,대성건설 32인치 모니터 납품건,2026-06-25,모니터,MN-32U,직판주문,8280000,12
OPP-2026-0337,트렌드,한국총괄 B2B영업그룹,직판1파트,1000204,대성건설,—,1000204,대성건설,대성건설 43인치 사이니지 납품건,2026-06-25,사이니지,SG-43C,직판주문,3450000,3
OPP-2026-0338,트렌드,한국총괄 B2B영업그룹,직판1파트,1000204,대성건설,—,1000204,대성건설,대성건설 32인치 모니터 납품건,2026-06-25,모니터,MN-32U,직판주문,3450000,5
OPP-2026-0339,트렌드,한국총괄 B2B영업그룹,직판1파트,1000204,대성건설,—,1000204,대성건설,대성건설 65인치 TV 납품건,2026-06-25,TV,BX-65S,직판주문,9360000,4
OPP-2026-0340,선행영업,한국총괄 B2B유통그룹,경로1파트,2000071,남해정보통신,부산광역시 해운대구 센텀중앙로 45,1000204,대성건설,대성건설 18평형 에어컨 납품건,2026-06-26,에어컨,AC-18W,유통주문,3360000,3
OPP-2026-0341,트렌드,한국총괄 B2B유통그룹,경로1파트,2000095,가야네트웍스,경상남도 김해시 분성로 221,1000538,세종교육재단,세종교육재단 32인치 모니터 납품건,2026-06-26,모니터,MN-32U,유통주문,13800000,20
OPP-2026-0342,선행영업,한국총괄 B2B유통그룹,경로1파트,2000095,가야네트웍스,경상남도 김해시 분성로 221,1000538,세종교육재단,세종교육재단 55인치 사이니지 납품건,2026-06-26,사이니지,SG-55C,유통주문,5280000,3
OPP-2026-0343,트렌드,한국총괄 B2B영업그룹,직판2파트,1000538,세종교육재단,—,1000538,세종교육재단,세종교육재단 데스크톱 PC 납품건,2026-06-26,PC,DP-i5N,직판주문,4450000,5
OPP-2026-0344,선행영업,한국총괄 B2B영업그룹,직판1파트,1000311,한울종합건설,—,1000311,한울종합건설,한울종합건설 55인치 사이니지 납품건,2026-06-26,사이니지,SG-55C,직판주문,5280000,3
OPP-2026-0345,트렌드,한국총괄 B2B영업그룹,직판1파트,1000204,대성건설,—,1000204,대성건설,대성건설 43인치 사이니지 납품건,2026-06-29,사이니지,SG-43C,직판주문,3450000,3
OPP-2026-0346,트렌드,한국총괄 B2B영업그룹,직판1파트,1000204,대성건설,—,1000204,대성건설,대성건설 65인치 TV 납품건,2026-06-29,TV,BX-65S,직판주문,23400000,10
OPP-2026-0347,트렌드,한국총괄 B2B유통그룹,경로1파트,2000095,가야네트웍스,경상남도 김해시 분성로 221,1000538,세종교육재단,세종교육재단 27인치 모니터 납품건,2026-06-29,모니터,MN-27Q,유통주문,8600000,20
OPP-2026-0348,선행영업,한국총괄 B2B유통그룹,경로1파트,2000095,가야네트웍스,경상남도 김해시 분성로 221,1000311,한울종합건설,한울종합건설 55인치 사이니지 납품건,2026-06-29,사이니지,SG-55C,유통주문,3520000,2
OPP-2026-0349,트렌드,한국총괄 B2B유통그룹,경로1파트,2000071,남해정보통신,부산광역시 해운대구 센텀중앙로 45,1000311,한울종합건설,한울종합건설 43인치 사이니지 납품건,2026-06-29,사이니지,SG-43C,유통주문,3450000,3
OPP-2026-0350,선행영업,한국총괄 B2B유통그룹,경로1파트,2000071,남해정보통신,부산광역시 해운대구 센텀중앙로 45,1000101,해솔호텔,해솔호텔 대용량 청소기 납품건,2026-06-29,청소기,VC-35H,유통주문,920000,2
OPP-2026-0351,트렌드,한국총괄 B2B유통그룹,경로1파트,2000095,가야네트웍스,경상남도 김해시 분성로 221,1000311,한울종합건설,한울종합건설 43인치 사이니지 납품건,2026-06-30,사이니지,SG-43C,유통주문,4600000,4
OPP-2026-0352,트렌드,한국총괄 B2B영업그룹,직판1파트,1000311,한울종합건설,—,1000311,한울종합건설,한울종합건설 55인치 TV 납품건,2026-06-30,TV,HX-55T,직판주문,5680000,4
OPP-2026-0353,트렌드,한국총괄 B2B영업그룹,직판1파트,1000101,해솔호텔,—,1000101,해솔호텔,해솔호텔 65인치 TV 납품건,2026-06-30,TV,HX-65T,직판주문,3960000,2
OPP-2026-0354,트렌드,한국총괄 B2B유통그룹,경로1파트,2000071,남해정보통신,부산광역시 해운대구 센텀중앙로 45,1000101,해솔호텔,해솔호텔 업소용 청소기 납품건,2026-06-30,청소기,VC-20B,유통주문,1680000,6
OPP-2026-0355,트렌드,한국총괄 B2B유통그룹,경로1파트,2000088,동백시스템,부산광역시 해운대구 좌동순환로 12,1000642,서진리테일,서진리테일 55인치 사이니지 납품건,2026-07-01,사이니지,SG-55C,유통주문,-1760000,1
OPP-2026-0356,트렌드,한국총괄 B2B영업그룹,직판1파트,1000204,대성건설,—,1000204,대성건설,대성건설 18평형 에어컨 납품건,2026-07-02,에어컨,AC-18W,직판주문,4480000,4
OPP-2026-0357,트렌드,한국총괄 B2B유통그룹,경로1파트,2000095,가야네트웍스,경상남도 김해시 분성로 221,1000538,세종교육재단,세종교육재단 18평형 에어컨 납품건,2026-07-02,에어컨,AC-18W,유통주문,6720000,6
OPP-2026-0358,트렌드,한국총괄 B2B유통그룹,경로1파트,2000071,남해정보통신,부산광역시 해운대구 센텀중앙로 45,1000101,해솔호텔,해솔호텔 43인치 사이니지 납품건,2026-07-02,사이니지,SG-43C,유통주문,3450000,3
OPP-2026-0359,트렌드,한국총괄 B2B유통그룹,경로1파트,2000071,남해정보통신,부산광역시 해운대구 센텀중앙로 45,1000204,대성건설,대성건설 55인치 사이니지 납품건,2026-07-03,사이니지,SG-55C,유통주문,10560000,6
OPP-2026-0360,트렌드,한국총괄 B2B유통그룹,경로1파트,2000071,남해정보통신,부산광역시 해운대구 센텀중앙로 45,1000204,대성건설,대성건설 43인치 사이니지 납품건,2026-07-03,사이니지,SG-43C,유통주문,2300000,2
OPP-2026-0361,선행영업,한국총괄 B2B영업그룹,직판1파트,1000204,대성건설,—,1000204,대성건설,대성건설 32인치 모니터 납품건,2026-07-03,모니터,MN-32U,직판주문,3450000,5
OPP-2026-0362,선행영업,한국총괄 B2B유통그룹,경로1파트,2000071,남해정보통신,부산광역시 해운대구 센텀중앙로 45,1000311,한울종합건설,한울종합건설 55인치 사이니지 납품건,2026-07-03,사이니지,SG-55C,유통주문,10560000,6
OPP-2026-0363,트렌드,한국총괄 B2B유통그룹,경로1파트,2000095,가야네트웍스,경상남도 김해시 분성로 221,1000538,세종교육재단,세종교육재단 55인치 사이니지 납품건,2026-07-06,사이니지,SG-55C,유통주문,10560000,6
OPP-2026-0364,트렌드,한국총괄 B2B유통그룹,경로1파트,2000071,남해정보통신,부산광역시 해운대구 센텀중앙로 45,1000204,대성건설,대성건설 55인치 TV 납품건,2026-07-07,TV,HX-55T,유통주문,14200000,10
OPP-2026-0365,선행영업,한국총괄 B2B유통그룹,경로1파트,2000088,동백시스템,부산광역시 해운대구 좌동순환로 12,1000642,서진리테일,서진리테일 43인치 사이니지 납품건,2026-07-07,사이니지,SG-43C,유통주문,1150000,1
OPP-2026-0366,트렌드,한국총괄 B2B영업그룹,직판2파트,1000425,미래로병원,—,1000425,미래로병원,미래로병원 65인치 TV 납품건,2026-07-08,TV,HX-65T,직판주문,19800000,10
OPP-2026-0367,트렌드,한국총괄 B2B유통그룹,경로1파트,2000071,남해정보통신,부산광역시 해운대구 센텀중앙로 45,1000311,한울종합건설,한울종합건설 27인치 모니터 납품건,2026-07-08,모니터,MN-27Q,유통주문,8600000,20
OPP-2026-0368,선행영업,한국총괄 B2B영업그룹,직판1파트,1000204,대성건설,—,1000204,대성건설,대성건설 43인치 사이니지 납품건,2026-07-09,사이니지,SG-43C,직판주문,1150000,1
OPP-2026-0369,트렌드,한국총괄 B2B유통그룹,경로1파트,2000095,가야네트웍스,경상남도 김해시 분성로 221,1000311,한울종합건설,한울종합건설 27인치 모니터 납품건,2026-07-09,모니터,MN-27Q,유통주문,3440000,8
OPP-2026-0370,트렌드,한국총괄 B2B유통그룹,경로1파트,2000095,가야네트웍스,경상남도 김해시 분성로 221,1000538,세종교육재단,세종교육재단 55인치 사이니지 납품건,2026-07-10,사이니지,SG-55C,유통주문,3520000,2
OPP-2026-0371,트렌드,한국총괄 B2B유통그룹,경로1파트,2000095,가야네트웍스,경상남도 김해시 분성로 221,1000311,한울종합건설,한울종합건설 43인치 사이니지 납품건,2026-07-10,사이니지,SG-43C,유통주문,3450000,3
OPP-2026-0372,선행영업,한국총괄 B2B영업그룹,직판1파트,1000311,한울종합건설,—,1000311,한울종합건설,한울종합건설 18평형 에어컨 납품건,2026-07-13,에어컨,AC-18W,직판주문,6720000,6
OPP-2026-0373,트렌드,한국총괄 B2B유통그룹,경로1파트,2000071,남해정보통신,부산광역시 해운대구 센텀중앙로 45,1000101,해솔호텔,해솔호텔 18평형 에어컨 납품건,2026-07-13,에어컨,AC-18W,유통주문,2240000,2
OPP-2026-0374,선행영업,한국총괄 B2B영업그룹,직판1파트,1000101,해솔호텔,—,1000101,해솔호텔,해솔호텔 업소용 청소기 납품건,2026-07-13,청소기,VC-20B,직판주문,560000,2
OPP-2026-0375,트렌드,한국총괄 B2B유통그룹,경로1파트,2000071,남해정보통신,부산광역시 해운대구 센텀중앙로 45,1000204,대성건설,대성건설 43인치 사이니지 납품건,2026-07-14,사이니지,SG-43C,유통주문,2300000,2
OPP-2026-0376,트렌드,한국총괄 B2B영업그룹,직판1파트,1000311,한울종합건설,—,1000311,한울종합건설,한울종합건설 55인치 사이니지 납품건,2026-07-15,사이니지,SG-55C,직판주문,5280000,3
OPP-2026-0377,선행영업,한국총괄 B2B영업그룹,직판1파트,1000204,대성건설,—,1000204,대성건설,대성건설 43인치 사이니지 납품건,2026-07-16,사이니지,SG-43C,직판주문,1150000,1
OPP-2026-0378,선행영업,한국총괄 B2B유통그룹,경로1파트,2000095,가야네트웍스,경상남도 김해시 분성로 221,1000538,세종교육재단,세종교육재단 55인치 사이니지 납품건,2026-07-16,사이니지,SG-55C,유통주문,10560000,6
OPP-2026-0379,트렌드,한국총괄 B2B영업그룹,직판1파트,1000311,한울종합건설,—,1000311,한울종합건설,한울종합건설 18평형 에어컨 납품건,2026-07-16,에어컨,AC-18W,직판주문,3360000,3
OPP-2026-0380,선행영업,한국총괄 B2B영업그룹,직판1파트,1000311,한울종합건설,—,1000311,한울종합건설,한울종합건설 18평형 에어컨 납품건,2026-07-17,에어컨,AC-18W,직판주문,4480000,4
OPP-2026-0381,트렌드,한국총괄 B2B영업그룹,직판1파트,1000101,해솔호텔,—,1000101,해솔호텔,해솔호텔 43인치 사이니지 납품건,2026-07-17,사이니지,SG-43C,직판주문,3450000,3
OPP-2026-0382,트렌드,한국총괄 B2B영업그룹,직판1파트,1000204,대성건설,—,1000204,대성건설,대성건설 43인치 사이니지 납품건,2026-07-20,사이니지,SG-43C,직판주문,3450000,3
OPP-2026-0383,트렌드,한국총괄 B2B유통그룹,경로1파트,2000071,남해정보통신,부산광역시 해운대구 센텀중앙로 45,1000311,한울종합건설,한울종합건설 55인치 사이니지 납품건,2026-07-20,사이니지,SG-55C,유통주문,10560000,6
OPP-2026-0384,트렌드,한국총괄 B2B유통그룹,경로1파트,2000071,남해정보통신,부산광역시 해운대구 센텀중앙로 45,1000101,해솔호텔,해솔호텔 43인치 사이니지 납품건,2026-07-20,사이니지,SG-43C,유통주문,1150000,1
OPP-2026-0385,선행영업,한국총괄 B2B유통그룹,경로1파트,2000095,가야네트웍스,경상남도 김해시 분성로 221,1000538,세종교육재단,세종교육재단 55인치 사이니지 납품건,2026-07-21,사이니지,SG-55C,유통주문,3520000,2
OPP-2026-0386,트렌드,한국총괄 B2B유통그룹,경로1파트,2000071,남해정보통신,부산광역시 해운대구 센텀중앙로 45,1000311,한울종합건설,한울종합건설 18평형 에어컨 납품건,2026-07-21,에어컨,AC-18W,유통주문,2240000,2
OPP-2026-0387,트렌드,한국총괄 B2B유통그룹,경로1파트,2000071,남해정보통신,부산광역시 해운대구 센텀중앙로 45,1000101,해솔호텔,해솔호텔 43인치 사이니지 납품건,2026-07-21,사이니지,SG-43C,유통주문,3450000,3
OPP-2026-0388,트렌드,한국총괄 B2B유통그룹,경로1파트,2000095,가야네트웍스,경상남도 김해시 분성로 221,1000538,세종교육재단,세종교육재단 55인치 사이니지 납품건,2026-07-22,사이니지,SG-55C,유통주문,5280000,3
OPP-2026-0389,선행영업,한국총괄 B2B영업그룹,직판1파트,1000101,해솔호텔,—,1000101,해솔호텔,해솔호텔 43인치 사이니지 납품건,2026-07-22,사이니지,SG-43C,직판주문,3450000,3
OPP-2026-0390,트렌드,한국총괄 B2B유통그룹,경로1파트,2000095,가야네트웍스,경상남도 김해시 분성로 221,1000538,세종교육재단,세종교육재단 데스크톱 PC 납품건,2026-07-23,PC,DP-i5N,유통주문,17800000,20
OPP-2026-0391,트렌드,한국총괄 B2B유통그룹,경로1파트,2000095,가야네트웍스,경상남도 김해시 분성로 221,1000311,한울종합건설,한울종합건설 18평형 에어컨 납품건,2026-07-23,에어컨,AC-18W,유통주문,6720000,6
OPP-2026-0392,트렌드,한국총괄 B2B유통그룹,경로1파트,2000095,가야네트웍스,경상남도 김해시 분성로 221,1000311,한울종합건설,한울종합건설 55인치 사이니지 납품건,2026-07-23,사이니지,SG-55C,유통주문,1760000,1
OPP-2026-0393,트렌드,한국총괄 B2B유통그룹,경로1파트,2000071,남해정보통신,부산광역시 해운대구 센텀중앙로 45,1000204,대성건설,대성건설 55인치 사이니지 납품건,2026-07-24,사이니지,SG-55C,유통주문,1760000,1
OPP-2026-0394,트렌드,한국총괄 B2B유통그룹,경로1파트,2000088,동백시스템,부산광역시 해운대구 좌동순환로 12,1000642,서진리테일,서진리테일 대용량 청소기 납품건,2026-07-24,청소기,VC-35H,유통주문,2760000,6
OPP-2026-0395,트렌드,한국총괄 B2B영업그룹,직판2파트,1000538,세종교육재단,—,1000538,세종교육재단,세종교육재단 55인치 사이니지 납품건,2026-07-24,사이니지,SG-55C,직판주문,5280000,3
OPP-2026-0396,트렌드,한국총괄 B2B유통그룹,경로1파트,2000071,남해정보통신,부산광역시 해운대구 센텀중앙로 45,1000101,해솔호텔,해솔호텔 업소용 청소기 납품건,2026-07-24,청소기,VC-20B,유통주문,1680000,6
OPP-2026-0397,트렌드,한국총괄 B2B영업그룹,직판1파트,1000204,대성건설,—,1000204,대성건설,대성건설 27인치 모니터 납품건,2026-07-27,모니터,MN-27Q,직판주문,3440000,8
OPP-2026-0398,트렌드,한국총괄 B2B영업그룹,직판1파트,1000204,대성건설,—,1000204,대성건설,대성건설 55인치 사이니지 납품건,2026-07-27,사이니지,SG-55C,직판주문,3520000,2
OPP-2026-0399,선행영업,한국총괄 B2B영업그룹,직판1파트,1000204,대성건설,—,1000204,대성건설,대성건설 18평형 에어컨 납품건,2026-07-27,에어컨,AC-18W,직판주문,2240000,2
OPP-2026-0400,선행영업,한국총괄 B2B영업그룹,직판1파트,1000101,해솔호텔,—,1000101,해솔호텔,해솔호텔 55인치 TV 납품건,2026-07-27,TV,HX-55T,직판주문,14200000,10
OPP-2026-0401,트렌드,한국총괄 B2B영업그룹,직판1파트,1000204,대성건설,—,1000204,대성건설,대성건설 43인치 사이니지 납품건,2026-07-28,사이니지,SG-43C,직판주문,1150000,1
OPP-2026-0402,트렌드,한국총괄 B2B유통그룹,경로1파트,2000088,동백시스템,부산광역시 해운대구 좌동순환로 12,1000642,서진리테일,서진리테일 43인치 사이니지 납품건,2026-07-28,사이니지,SG-43C,유통주문,2300000,2
OPP-2026-0403,선행영업,한국총괄 B2B유통그룹,경로1파트,2000071,남해정보통신,부산광역시 해운대구 센텀중앙로 45,1000311,한울종합건설,한울종합건설 43인치 사이니지 납품건,2026-07-28,사이니지,SG-43C,유통주문,3450000,3
OPP-2026-0404,트렌드,한국총괄 B2B영업그룹,직판1파트,1000311,한울종합건설,—,1000311,한울종합건설,한울종합건설 55인치 사이니지 납품건,2026-07-28,사이니지,SG-55C,직판주문,3520000,2
OPP-2026-0405,트렌드,한국총괄 B2B영업그룹,직판1파트,1000204,대성건설,—,1000204,대성건설,대성건설 18평형 에어컨 납품건,2026-07-29,에어컨,AC-18W,직판주문,3360000,3
OPP-2026-0406,트렌드,한국총괄 B2B영업그룹,직판1파트,1000311,한울종합건설,—,1000311,한울종합건설,한울종합건설 18평형 에어컨 납품건,2026-07-29,에어컨,AC-18W,직판주문,4480000,4
OPP-2026-0407,트렌드,한국총괄 B2B영업그룹,직판1파트,1000311,한울종합건설,—,1000311,한울종합건설,한울종합건설 18평형 에어컨 납품건,2026-07-29,에어컨,AC-18W,직판주문,4480000,4
OPP-2026-0408,선행영업,한국총괄 B2B영업그룹,직판2파트,1000642,서진리테일,—,1000642,서진리테일,서진리테일 55인치 사이니지 납품건,2026-07-30,사이니지,SG-55C,직판주문,1760000,1
OPP-2026-0409,선행영업,한국총괄 B2B유통그룹,경로1파트,2000095,가야네트웍스,경상남도 김해시 분성로 221,1000538,세종교육재단,세종교육재단 18평형 에어컨 납품건,2026-07-30,에어컨,AC-18W,유통주문,4480000,4
OPP-2026-0410,트렌드,한국총괄 B2B영업그룹,직판1파트,1000101,해솔호텔,—,1000101,해솔호텔,해솔호텔 55인치 사이니지 납품건,2026-07-30,사이니지,SG-55C,직판주문,10560000,6
OPP-2026-0411,트렌드,한국총괄 B2B영업그룹,직판1파트,1000204,대성건설,—,1000204,대성건설,대성건설 43인치 사이니지 납품건,2026-07-31,사이니지,SG-43C,직판주문,6900000,6
OPP-2026-0412,선행영업,한국총괄 B2B유통그룹,경로1파트,2000088,동백시스템,부산광역시 해운대구 좌동순환로 12,1000642,서진리테일,서진리테일 55인치 사이니지 납품건,2026-07-31,사이니지,SG-55C,유통주문,7040000,4
OPP-2026-0413,선행영업,한국총괄 B2B영업그룹,직판1파트,1000101,해솔호텔,—,1000101,해솔호텔,해솔호텔 43인치 사이니지 납품건,2026-07-31,사이니지,SG-43C,직판주문,2300000,2
OPP-2026-0414,트렌드,한국총괄 B2B영업그룹,직판1파트,1000101,해솔호텔,—,1000101,해솔호텔,해솔호텔 43인치 사이니지 납품건,2026-07-31,사이니지,SG-43C,직판주문,6900000,6
OPP-2026-0415,트렌드,한국총괄 B2B유통그룹,경로1파트,2000088,동백시스템,부산광역시 해운대구 좌동순환로 12,1000425,미래로병원,미래로병원 43인치 사이니지 납품건,2026-08-03,사이니지,SG-43C,유통주문,1150000,0
OPP-2026-0416,트렌드,한국총괄 B2B영업그룹,직판2파트,1000642,서진리테일,—,1000642,서진리테일,서진리테일 업소용 청소기 납품건,2026-08-03,청소기,VC-20B,직판주문,1680000,6
OPP-2026-0417,트렌드,한국총괄 B2B유통그룹,경로1파트,2000088,동백시스템,부산광역시 해운대구 좌동순환로 12,1000642,서진리테일,서진리테일 대용량 청소기 납품건,2026-08-03,청소기,VC-35H,유통주문,4600000,10
OPP-2026-0418,트렌드,한국총괄 B2B영업그룹,직판1파트,1000204,대성건설,—,1000204,대성건설,대성건설 55인치 TV 납품건,2026-08-04,TV,HX-55T,직판주문,5680000,4
OPP-2026-0419,트렌드,한국총괄 B2B유통그룹,경로1파트,2000088,동백시스템,부산광역시 해운대구 좌동순환로 12,1000425,미래로병원,미래로병원 32인치 모니터 납품건,2026-08-05,모니터,MN-32U,유통주문,5520000,8
OPP-2026-0420,선행영업,한국총괄 B2B유통그룹,경로1파트,2000071,남해정보통신,부산광역시 해운대구 센텀중앙로 45,1000311,한울종합건설,한울종합건설 32인치 모니터 납품건,2026-08-05,모니터,MN-32U,유통주문,5520000,8
OPP-2026-0421,트렌드,한국총괄 B2B영업그룹,직판1파트,1000204,대성건설,—,1000204,대성건설,대성건설 55인치 사이니지 납품건,2026-08-06,사이니지,SG-55C,직판주문,1760000,1
OPP-2026-0422,트렌드,한국총괄 B2B유통그룹,경로1파트,2000088,동백시스템,부산광역시 해운대구 좌동순환로 12,1000425,미래로병원,미래로병원 노트북 PC 납품건,2026-08-06,PC,NB-i7P,유통주문,7700000,5
OPP-2026-0423,트렌드,한국총괄 B2B유통그룹,경로1파트,2000071,남해정보통신,부산광역시 해운대구 센텀중앙로 45,1000101,해솔호텔,해솔호텔 65인치 TV 납품건,2026-08-06,TV,BX-65S,유통주문,37440000,16
OPP-2026-0424,선행영업,한국총괄 B2B영업그룹,직판2파트,1000642,서진리테일,—,1000642,서진리테일,서진리테일 대용량 청소기 납품건,2026-08-07,청소기,VC-35H,직판주문,4600000,10
OPP-2026-0425,선행영업,한국총괄 B2B유통그룹,경로1파트,2000095,가야네트웍스,경상남도 김해시 분성로 221,1000311,한울종합건설,한울종합건설 43인치 사이니지 납품건,2026-08-07,사이니지,SG-43C,유통주문,1150000,1
OPP-2026-0426,트렌드,한국총괄 B2B유통그룹,경로1파트,2000095,가야네트웍스,경상남도 김해시 분성로 221,1000311,한울종합건설,한울종합건설 55인치 사이니지 납품건,2026-08-07,사이니지,SG-55C,유통주문,7040000,4
OPP-2026-0427,트렌드,한국총괄 B2B유통그룹,경로1파트,2000088,동백시스템,부산광역시 해운대구 좌동순환로 12,1000642,서진리테일,서진리테일 43인치 사이니지 납품건,2026-08-10,사이니지,SG-43C,유통주문,3450000,3
OPP-2026-0428,트렌드,한국총괄 B2B유통그룹,경로1파트,2000071,남해정보통신,부산광역시 해운대구 센텀중앙로 45,1000101,해솔호텔,해솔호텔 65인치 TV 납품건,2026-08-10,TV,HX-65T,유통주문,11880000,6
OPP-2026-0429,트렌드,한국총괄 B2B유통그룹,경로1파트,2000088,동백시스템,부산광역시 해운대구 좌동순환로 12,1000425,미래로병원,미래로병원 노트북 PC 납품건,2026-08-11,PC,NB-i7P,유통주문,23100000,15
OPP-2026-0430,트렌드,한국총괄 B2B유통그룹,경로1파트,2000088,동백시스템,부산광역시 해운대구 좌동순환로 12,1000642,서진리테일,서진리테일 업소용 청소기 납품건,2026-08-11,청소기,VC-20B,유통주문,1680000,6
OPP-2026-0431,트렌드,한국총괄 B2B영업그룹,직판1파트,1000101,해솔호텔,—,1000101,해솔호텔,해솔호텔 55인치 사이니지 납품건,2026-08-11,사이니지,SG-55C,직판주문,10560000,6
OPP-2026-0432,트렌드,한국총괄 B2B영업그룹,직판2파트,1000642,서진리테일,—,1000642,서진리테일,서진리테일 18평형 에어컨 납품건,2026-08-12,에어컨,AC-18W,직판주문,2240000,2
OPP-2026-0433,트렌드,한국총괄 B2B영업그룹,직판1파트,1000204,대성건설,—,1000204,대성건설,대성건설 65인치 TV 납품건,2026-08-13,TV,BX-65S,직판주문,4680000,2
OPP-2026-0434,선행영업,한국총괄 B2B유통그룹,경로1파트,2000095,가야네트웍스,경상남도 김해시 분성로 221,1000311,한울종합건설,한울종합건설 18평형 에어컨 납품건,2026-08-13,에어컨,AC-18W,유통주문,2240000,2
OPP-2026-0435,선행영업,한국총괄 B2B영업그룹,직판1파트,1000204,대성건설,—,1000204,대성건설,대성건설 65인치 TV 납품건,2026-08-14,TV,HX-65T,직판주문,3960000,2
OPP-2026-0436,트렌드,한국총괄 B2B유통그룹,경로1파트,2000088,동백시스템,부산광역시 해운대구 좌동순환로 12,1000425,미래로병원,미래로병원 32인치 모니터 납품건,2026-08-17,모니터,MN-32U,유통주문,8280000,12
OPP-2026-0437,트렌드,한국총괄 B2B영업그룹,직판1파트,1000101,해솔호텔,—,1000101,해솔호텔,해솔호텔 대용량 청소기 납품건,2026-08-17,청소기,VC-35H,직판주문,920000,2
OPP-2026-0438,트렌드,한국총괄 B2B영업그룹,직판1파트,1000204,대성건설,—,1000204,대성건설,대성건설 55인치 사이니지 납품건,2026-08-18,사이니지,SG-55C,직판주문,1760000,1
OPP-2026-0439,트렌드,한국총괄 B2B영업그룹,직판1파트,1000204,대성건설,—,1000204,대성건설,대성건설 43인치 사이니지 납품건,2026-08-18,사이니지,SG-43C,직판주문,4600000,4
OPP-2026-0440,선행영업,한국총괄 B2B영업그룹,직판2파트,1000425,미래로병원,—,1000425,미래로병원,미래로병원 32인치 모니터 납품건,2026-08-19,모니터,MN-32U,직판주문,13800000,20
OPP-2026-0441,선행영업,한국총괄 B2B유통그룹,경로1파트,2000088,동백시스템,부산광역시 해운대구 좌동순환로 12,1000642,서진리테일,서진리테일 43인치 사이니지 납품건,2026-08-19,사이니지,SG-43C,유통주문,3450000,3
OPP-2026-0442,트렌드,한국총괄 B2B유통그룹,경로1파트,2000088,동백시스템,부산광역시 해운대구 좌동순환로 12,1000642,서진리테일,서진리테일 데스크톱 PC 납품건,2026-08-19,PC,DP-i5N,유통주문,17800000,20
OPP-2026-0443,선행영업,한국총괄 B2B유통그룹,경로1파트,2000071,남해정보통신,부산광역시 해운대구 센텀중앙로 45,1000204,대성건설,대성건설 27인치 모니터 납품건,2026-08-20,모니터,MN-27Q,유통주문,3440000,8
OPP-2026-0444,트렌드,한국총괄 B2B유통그룹,경로1파트,2000071,남해정보통신,부산광역시 해운대구 센텀중앙로 45,1000101,해솔호텔,해솔호텔 43인치 사이니지 납품건,2026-08-20,사이니지,SG-43C,유통주문,6900000,6
OPP-2026-0445,선행영업,한국총괄 B2B영업그룹,직판2파트,1000425,미래로병원,—,1000425,미래로병원,미래로병원 32인치 모니터 납품건,2026-08-21,모니터,MN-32U,직판주문,13800000,20
OPP-2026-0446,선행영업,한국총괄 B2B영업그룹,직판2파트,1000538,세종교육재단,—,1000538,세종교육재단,세종교육재단 노트북 PC 납품건,2026-08-21,PC,NB-i7P,직판주문,30800000,20
OPP-2026-0447,트렌드,한국총괄 B2B영업그룹,직판1파트,1000311,한울종합건설,—,1000311,한울종합건설,한울종합건설 27인치 모니터 납품건,2026-08-21,모니터,MN-27Q,직판주문,3440000,8
OPP-2026-0448,트렌드,한국총괄 B2B유통그룹,경로1파트,2000071,남해정보통신,부산광역시 해운대구 센텀중앙로 45,1000101,해솔호텔,해솔호텔 43인치 사이니지 납품건,2026-08-24,사이니지,SG-43C,유통주문,3450000,3
OPP-2026-0449,트렌드,한국총괄 B2B유통그룹,경로1파트,2000088,동백시스템,부산광역시 해운대구 좌동순환로 12,1000425,미래로병원,미래로병원 65인치 TV 납품건,2026-08-25,TV,HX-65T,유통주문,3960000,2
OPP-2026-0450,트렌드,한국총괄 B2B유통그룹,경로1파트,2000088,동백시스템,부산광역시 해운대구 좌동순환로 12,1000642,서진리테일,서진리테일 업소용 청소기 납품건,2026-08-25,청소기,VC-20B,유통주문,1120000,4
OPP-2026-0451,선행영업,한국총괄 B2B유통그룹,경로1파트,2000095,가야네트웍스,경상남도 김해시 분성로 221,1000538,세종교육재단,세종교육재단 55인치 사이니지 납품건,2026-08-25,사이니지,SG-55C,유통주문,3520000,2
OPP-2026-0452,트렌드,한국총괄 B2B유통그룹,경로1파트,2000095,가야네트웍스,경상남도 김해시 분성로 221,1000538,세종교육재단,세종교육재단 55인치 사이니지 납품건,2026-08-25,사이니지,SG-55C,유통주문,3520000,2
OPP-2026-0453,트렌드,한국총괄 B2B유통그룹,경로1파트,2000071,남해정보통신,부산광역시 해운대구 센텀중앙로 45,1000311,한울종합건설,한울종합건설 18평형 에어컨 납품건,2026-08-25,에어컨,AC-18W,유통주문,3360000,3
OPP-2026-0454,트렌드,한국총괄 B2B영업그룹,직판1파트,1000101,해솔호텔,—,1000101,해솔호텔,해솔호텔 43인치 사이니지 납품건,2026-08-25,사이니지,SG-43C,직판주문,1150000,1
OPP-2026-0455,선행영업,한국총괄 B2B영업그룹,직판1파트,1000204,대성건설,—,1000204,대성건설,대성건설 43인치 사이니지 납품건,2026-08-26,사이니지,SG-43C,직판주문,6900000,6
OPP-2026-0456,트렌드,한국총괄 B2B유통그룹,경로1파트,2000095,가야네트웍스,경상남도 김해시 분성로 221,1000311,한울종합건설,한울종합건설 18평형 에어컨 납품건,2026-08-26,에어컨,AC-18W,유통주문,6720000,6
OPP-2026-0457,트렌드,한국총괄 B2B유통그룹,경로1파트,2000071,남해정보통신,부산광역시 해운대구 센텀중앙로 45,1000101,해솔호텔,해솔호텔 65인치 TV 납품건,2026-08-26,TV,HX-65T,유통주문,3960000,2
OPP-2026-0458,트렌드,한국총괄 B2B유통그룹,경로1파트,2000071,남해정보통신,부산광역시 해운대구 센텀중앙로 45,1000204,대성건설,대성건설 43인치 사이니지 납품건,2026-08-27,사이니지,SG-43C,유통주문,3450000,3
OPP-2026-0459,선행영업,한국총괄 B2B영업그룹,직판1파트,1000204,대성건설,—,1000204,대성건설,대성건설 18평형 에어컨 납품건,2026-08-27,에어컨,AC-18W,직판주문,3360000,3
OPP-2026-0460,트렌드,한국총괄 B2B영업그룹,직판1파트,1000204,대성건설,—,1000204,대성건설,대성건설 65인치 TV 납품건,2026-08-27,TV,HX-65T,직판주문,31680000,16
OPP-2026-0461,트렌드,한국총괄 B2B유통그룹,경로1파트,2000095,가야네트웍스,경상남도 김해시 분성로 221,1000538,세종교육재단,세종교육재단 27인치 모니터 납품건,2026-08-27,모니터,MN-27Q,유통주문,8600000,20
OPP-2026-0462,트렌드,한국총괄 B2B유통그룹,경로1파트,2000071,남해정보통신,부산광역시 해운대구 센텀중앙로 45,1000311,한울종합건설,한울종합건설 55인치 사이니지 납품건,2026-08-27,사이니지,SG-55C,유통주문,7040000,4
OPP-2026-0463,트렌드,한국총괄 B2B영업그룹,직판2파트,1000425,미래로병원,—,1000425,미래로병원,미래로병원 32인치 모니터 납품건,2026-08-28,모니터,MN-32U,직판주문,8280000,12
OPP-2026-0464,트렌드,한국총괄 B2B유통그룹,경로1파트,2000088,동백시스템,부산광역시 해운대구 좌동순환로 12,1000642,서진리테일,서진리테일 노트북 PC 납품건,2026-08-28,PC,NB-i7P,유통주문,15400000,10
OPP-2026-0465,트렌드,한국총괄 B2B유통그룹,경로1파트,2000071,남해정보통신,부산광역시 해운대구 센텀중앙로 45,1000311,한울종합건설,한울종합건설 27인치 모니터 납품건,2026-08-28,모니터,MN-27Q,유통주문,2150000,5
OPP-2026-0466,트렌드,한국총괄 B2B영업그룹,직판1파트,1000101,해솔호텔,—,1000101,해솔호텔,해솔호텔 65인치 TV 납품건,2026-08-28,TV,BX-65S,직판주문,23400000,10
OPP-2026-0467,트렌드,한국총괄 B2B유통그룹,경로1파트,2000071,남해정보통신,부산광역시 해운대구 센텀중앙로 45,1000101,해솔호텔,해솔호텔 65인치 TV 납품건,2026-08-28,TV,BX-65S,유통주문,37440000,16
OPP-2026-0468,트렌드,한국총괄 B2B영업그룹,직판2파트,1000538,세종교육재단,—,1000538,세종교육재단,세종교육재단 55인치 사이니지 납품건,2026-08-31,사이니지,SG-55C,직판주문,5280000,3
OPP-2026-0469,트렌드,한국총괄 B2B영업그룹,직판1파트,1000311,한울종합건설,—,1000311,한울종합건설,한울종합건설 55인치 사이니지 납품건,2026-08-31,사이니지,SG-55C,직판주문,1760000,1
OPP-2026-0470,트렌드,한국총괄 B2B영업그룹,직판1파트,1000311,한울종합건설,—,1000311,한울종합건설,한울종합건설 18평형 에어컨 납품건,2026-08-31,에어컨,AC-18W,직판주문,3360000,3
OPP-2026-0471,트렌드,한국총괄 B2B영업그룹,직판1파트,1000204,대성건설,—,1000204,대성건설,대성건설 55인치 사이니지 납품건,2026-09-01,사이니지,SG-55C,직판주문,1760000,1
OPP-2026-0472,선행영업,한국총괄 B2B유통그룹,경로1파트,2000088,동백시스템,부산광역시 해운대구 좌동순환로 12,1000642,서진리테일,서진리테일 55인치 사이니지 납품건,2026-09-01,사이니지,SG-55C,유통주문,7040000,4
OPP-2026-0473,트렌드,한국총괄 B2B유통그룹,경로1파트,2000071,남해정보통신,부산광역시 해운대구 센텀중앙로 45,1000204,대성건설,대성건설 65인치 TV 납품건,2026-09-02,TV,BX-65S,유통주문,4680000,2
OPP-2026-0474,트렌드,한국총괄 B2B유통그룹,경로1파트,2000095,가야네트웍스,경상남도 김해시 분성로 221,1000311,한울종합건설,한울종합건설 18평형 에어컨 납품건,2026-09-02,에어컨,AC-18W,유통주문,4480000,4
OPP-2026-0475,트렌드,한국총괄 B2B유통그룹,경로1파트,2000071,남해정보통신,부산광역시 해운대구 센텀중앙로 45,1000311,한울종합건설,한울종합건설 18평형 에어컨 납품건,2026-09-02,에어컨,AC-18W,유통주문,4480000,4
OPP-2026-0476,트렌드,한국총괄 B2B유통그룹,경로1파트,2000095,가야네트웍스,경상남도 김해시 분성로 221,1000311,한울종합건설,한울종합건설 27인치 모니터 납품건,2026-09-02,모니터,MN-27Q,유통주문,3440000,8
OPP-2026-0477,트렌드,한국총괄 B2B영업그룹,직판1파트,1000204,대성건설,—,1000204,대성건설,대성건설 55인치 사이니지 납품건,2026-09-03,사이니지,SG-55C,직판주문,5280000,3
OPP-2026-0478,트렌드,한국총괄 B2B유통그룹,경로1파트,2000095,가야네트웍스,경상남도 김해시 분성로 221,1000538,세종교육재단,세종교육재단 18평형 에어컨 납품건,2026-09-03,에어컨,AC-18W,유통주문,4480000,4
OPP-2026-0479,트렌드,한국총괄 B2B유통그룹,경로1파트,2000071,남해정보통신,부산광역시 해운대구 센텀중앙로 45,1000204,대성건설,대성건설 43인치 사이니지 납품건,2026-09-04,사이니지,SG-43C,유통주문,3450000,3
OPP-2026-0480,트렌드,한국총괄 B2B영업그룹,직판1파트,1000204,대성건설,—,1000204,대성건설,대성건설 65인치 TV 납품건,2026-09-04,TV,BX-65S,직판주문,4680000,2
OPP-2026-0481,트렌드,한국총괄 B2B영업그룹,직판1파트,1000101,해솔호텔,—,1000101,해솔호텔,해솔호텔 65인치 TV 납품건,2026-09-04,TV,BX-65S,직판주문,23400000,10
OPP-2026-0482,트렌드,한국총괄 B2B유통그룹,경로1파트,2000088,동백시스템,부산광역시 해운대구 좌동순환로 12,1000642,서진리테일,서진리테일 43인치 사이니지 납품건,2026-09-07,사이니지,SG-43C,유통주문,4600000,4
OPP-2026-0483,트렌드,한국총괄 B2B유통그룹,경로1파트,2000095,가야네트웍스,경상남도 김해시 분성로 221,1000538,세종교육재단,세종교육재단 55인치 사이니지 납품건,2026-09-07,사이니지,SG-55C,유통주문,5280000,3
OPP-2026-0484,트렌드,한국총괄 B2B유통그룹,경로1파트,2000071,남해정보통신,부산광역시 해운대구 센텀중앙로 45,1000311,한울종합건설,한울종합건설 18평형 에어컨 납품건,2026-09-07,에어컨,AC-18W,유통주문,3360000,3
OPP-2026-0485,트렌드,한국총괄 B2B유통그룹,경로1파트,2000095,가야네트웍스,경상남도 김해시 분성로 221,1000538,세종교육재단,세종교육재단 데스크톱 PC 납품건,2026-09-08,PC,DP-i5N,유통주문,7120000,8
OPP-2026-0486,트렌드,한국총괄 B2B영업그룹,직판1파트,1000101,해솔호텔,—,1000101,해솔호텔,해솔호텔 43인치 사이니지 납품건,2026-09-09,사이니지,SG-43C,직판주문,6900000,6
OPP-2026-0487,트렌드,한국총괄 B2B영업그룹,직판1파트,1000101,해솔호텔,—,1000101,해솔호텔,해솔호텔 65인치 TV 납품건,2026-09-09,TV,HX-65T,직판주문,11880000,6
OPP-2026-0488,트렌드,한국총괄 B2B영업그룹,직판1파트,1000101,해솔호텔,—,1000101,해솔호텔,해솔호텔 대용량 청소기 납품건,2026-09-09,청소기,VC-35H,직판주문,2760000,6
OPP-2026-0489,트렌드,한국총괄 B2B유통그룹,경로1파트,2000088,동백시스템,부산광역시 해운대구 좌동순환로 12,1000425,미래로병원,미래로병원 32인치 모니터 납품건,2026-09-10,모니터,MN-32U,유통주문,8280000,12
OPP-2026-0490,트렌드,한국총괄 B2B유통그룹,경로1파트,2000088,동백시스템,부산광역시 해운대구 좌동순환로 12,1000642,서진리테일,서진리테일 대용량 청소기 납품건,2026-09-10,청소기,VC-35H,유통주문,1840000,4
OPP-2026-0491,트렌드,한국총괄 B2B유통그룹,경로1파트,2000071,남해정보통신,부산광역시 해운대구 센텀중앙로 45,1000101,해솔호텔,해솔호텔 업소용 청소기 납품건,2026-09-10,청소기,VC-20B,유통주문,560000,2
OPP-2026-0492,트렌드,한국총괄 B2B영업그룹,직판1파트,1000204,대성건설,—,1000204,대성건설,대성건설 43인치 사이니지 납품건,2026-09-11,사이니지,SG-43C,직판주문,3450000,3
OPP-2026-0493,트렌드,한국총괄 B2B영업그룹,직판2파트,1000425,미래로병원,—,1000425,미래로병원,미래로병원 43인치 사이니지 납품건,2026-09-11,사이니지,SG-43C,직판주문,6900000,6
OPP-2026-0494,트렌드,한국총괄 B2B유통그룹,경로1파트,2000095,가야네트웍스,경상남도 김해시 분성로 221,1000538,세종교육재단,세종교육재단 43인치 사이니지 납품건,2026-09-11,사이니지,SG-43C,유통주문,4600000,4
OPP-2026-0495,트렌드,한국총괄 B2B영업그룹,직판1파트,1000204,대성건설,—,1000204,대성건설,대성건설 43인치 사이니지 납품건,2026-09-14,사이니지,SG-43C,직판주문,3450000,3
OPP-2026-0496,선행영업,한국총괄 B2B유통그룹,경로1파트,2000095,가야네트웍스,경상남도 김해시 분성로 221,1000538,세종교육재단,세종교육재단 43인치 사이니지 납품건,2026-09-14,사이니지,SG-43C,유통주문,6900000,6
OPP-2026-0497,트렌드,한국총괄 B2B영업그룹,직판1파트,1000101,해솔호텔,—,1000101,해솔호텔,해솔호텔 대용량 청소기 납품건,2026-09-14,청소기,VC-35H,직판주문,2760000,6
OPP-2026-0498,트렌드,한국총괄 B2B영업그룹,직판1파트,1000204,대성건설,—,1000204,대성건설,대성건설 18평형 에어컨 납품건,2026-09-15,에어컨,AC-18W,직판주문,4480000,4
OPP-2026-0499,트렌드,한국총괄 B2B영업그룹,직판2파트,1000538,세종교육재단,—,1000538,세종교육재단,세종교육재단 55인치 사이니지 납품건,2026-09-15,사이니지,SG-55C,직판주문,10560000,6
OPP-2026-0500,트렌드,한국총괄 B2B영업그룹,직판1파트,1000101,해솔호텔,—,1000101,해솔호텔,해솔호텔 55인치 TV 납품건,2026-09-15,TV,HX-55T,직판주문,2840000,2
OPP-2026-0501,트렌드,한국총괄 B2B유통그룹,경로1파트,2000095,가야네트웍스,경상남도 김해시 분성로 221,1000311,한울종합건설,한울종합건설 43인치 사이니지 납품건,2026-09-16,사이니지,SG-43C,유통주문,1150000,1
OPP-2026-0502,트렌드,한국총괄 B2B유통그룹,경로1파트,2000088,동백시스템,부산광역시 해운대구 좌동순환로 12,1000642,서진리테일,서진리테일 55인치 사이니지 납품건,2026-09-17,사이니지,SG-55C,유통주문,5280000,3
OPP-2026-0503,트렌드,한국총괄 B2B유통그룹,경로1파트,2000095,가야네트웍스,경상남도 김해시 분성로 221,1000311,한울종합건설,한울종합건설 18평형 에어컨 납품건,2026-09-17,에어컨,AC-18W,유통주문,3360000,3
OPP-2026-0504,트렌드,한국총괄 B2B영업그룹,직판1파트,1000204,대성건설,—,1000204,대성건설,대성건설 55인치 사이니지 납품건,2026-09-18,사이니지,SG-55C,직판주문,10560000,6
OPP-2026-0505,트렌드,한국총괄 B2B유통그룹,경로1파트,2000088,동백시스템,부산광역시 해운대구 좌동순환로 12,1000642,서진리테일,서진리테일 업소용 청소기 납품건,2026-09-18,청소기,VC-20B,유통주문,1680000,6
OPP-2026-0506,트렌드,한국총괄 B2B유통그룹,경로1파트,2000095,가야네트웍스,경상남도 김해시 분성로 221,1000538,세종교육재단,세종교육재단 43인치 사이니지 납품건,2026-09-18,사이니지,SG-43C,유통주문,6900000,6
OPP-2026-0507,트렌드,한국총괄 B2B영업그룹,직판1파트,1000204,대성건설,—,1000204,대성건설,대성건설 55인치 사이니지 납품건,2026-09-21,사이니지,SG-55C,직판주문,1760000,1
OPP-2026-0508,선행영업,한국총괄 B2B유통그룹,경로1파트,2000088,동백시스템,부산광역시 해운대구 좌동순환로 12,1000642,서진리테일,서진리테일 노트북 PC 납품건,2026-09-21,PC,NB-i7P,유통주문,15400000,10
OPP-2026-0509,트렌드,한국총괄 B2B영업그룹,직판1파트,1000311,한울종합건설,—,1000311,한울종합건설,한울종합건설 18평형 에어컨 납품건,2026-09-21,에어컨,AC-18W,직판주문,3360000,3
OPP-2026-0510,트렌드,한국총괄 B2B영업그룹,직판2파트,1000425,미래로병원,—,1000425,미래로병원,미래로병원 32인치 모니터 납품건,2026-09-22,모니터,MN-32U,직판주문,8280000,12
OPP-2026-0511,트렌드,한국총괄 B2B유통그룹,경로1파트,2000088,동백시스템,부산광역시 해운대구 좌동순환로 12,1000642,서진리테일,서진리테일 대용량 청소기 납품건,2026-09-23,청소기,VC-35H,유통주문,920000,2
OPP-2026-0512,트렌드,한국총괄 B2B유통그룹,경로1파트,2000088,동백시스템,부산광역시 해운대구 좌동순환로 12,1000642,서진리테일,서진리테일 노트북 PC 납품건,2026-09-23,PC,NB-i7P,유통주문,23100000,15
OPP-2026-0513,트렌드,한국총괄 B2B영업그룹,직판1파트,1000101,해솔호텔,—,1000101,해솔호텔,해솔호텔 55인치 TV 납품건,2026-09-23,TV,HX-55T,직판주문,8520000,6
OPP-2026-0514,선행영업,한국총괄 B2B영업그룹,직판1파트,1000204,대성건설,—,1000204,대성건설,대성건설 18평형 에어컨 납품건,2026-09-24,에어컨,AC-18W,직판주문,6720000,6
OPP-2026-0515,트렌드,한국총괄 B2B유통그룹,경로1파트,2000071,남해정보통신,부산광역시 해운대구 센텀중앙로 45,1000101,해솔호텔,해솔호텔 65인치 TV 납품건,2026-09-24,TV,BX-65S,유통주문,4680000,2
